substrate,coupling_partner,solvent,time,temperature,catalyst_precursor,reagent,effective_reagents,effective_reagents_covalent,ligand,effective_ligand,product,isolated_yield,couplingpartner_class,DOI,origin,eq_substrate,eq_couplingpartner,eq_catalyst,eq_ligand,eq_reagent,2_steps,scheme_table ,review,mechanism,reaction_conditions,
OC1=CC=CC=C1,IC1=CC=C([N+]([O-])=O)C=C1,CC#N,36h,130,O=C(O[Co]OC(C)=O)C .[O].[O].[O].[O],[O-]P([O-])([O-])=O.[K+].[K+].[K+],,,CNCCNC,,O=[N+](C(C=C1)=CC=C1OC2=CC=CC=C2)[O-],20,Nitrobenzene,https://doi.org/10.1007/s00706-018-2324-6,optimization,1.2,1,0.1,0.2,2,,Scheme 2,article,ullmann,N2,
OC1=CC=CC=C1,IC1=CC=C([N+]([O-])=O)C=C1,CC#N,48h,110,O=C(O[Co]OC(C)=O)C .[O].[O].[O].[O],[OH-].[K+],,,CNCCNC,,O=[N+](C(C=C1)=CC=C1OC2=CC=CC=C2)[O-],42,Nitrobenzene,https://doi.org/10.1007/s00706-018-2324-6,optimization,1.2,1,0.1,0.2,2,,Scheme 2,article,ullmann,N2,
OC1=CC=CC=C1,IC1=CC=C([N+]([O-])=O)C=C1,CC#N,48h,110,O=C(O[Co]OC(C)=O)C .[O].[O].[O].[O],[OH-].[K+],,,O=C(C1=NC=CC=C1)O,,O=[N+](C(C=C1)=CC=C1OC2=CC=CC=C2)[O-],76,Nitrobenzene,https://doi.org/10.1007/s00706-018-2324-6,optimization,1.2,1,0.1,0.2,2,,Table 1,article,ullmann,N2,
OC1=CC=CC=C1,IC1=CC=C([N+]([O-])=O)C=C1,CC#N,48h,110,O=C(O[Co]OC(C)=O)C .[O].[O].[O].[O],[OH-].[K+],,,C1(P(C3=CC=CC=C3)C2=CC=CC=C2)=CC=CC=C1,,O=[N+](C(C=C1)=CC=C1OC2=CC=CC=C2)[O-],49,Nitrobenzene,https://doi.org/10.1007/s00706-018-2324-6,optimization,1.2,1,0.1,0.2,2,,Table 1,article,ullmann,N2,
OC1=CC=CC=C1,IC1=CC=C([N+]([O-])=O)C=C1,CC#N,48h,110,O=C(O[Co]OC(C)=O)C .[O].[O].[O].[O],[OH-].[K+],,,C1(C(N=CC=C3)=C3C=C2)=C2C=CC=C1,,O=[N+](C(C=C1)=CC=C1OC2=CC=CC=C2)[O-],38,Nitrobenzene,https://doi.org/10.1007/s00706-018-2324-6,optimization,1.2,1,0.1,0.2,2,,Table 1,article,ullmann,N2,
OC1=CC=CC=C1,IC1=CC=C([N+]([O-])=O)C=C1,CC#N,48h,110,O=C(O[Co]OC(C)=O)C .[O].[O].[O].[O],[OH-].[K+],,,OC(C1CCCN1)=O,,O=[N+](C(C=C1)=CC=C1OC2=CC=CC=C2)[O-],50,Nitrobenzene,https://doi.org/10.1007/s00706-018-2324-6,optimization,1.2,1,0.1,0.2,2,,Table 1,article,ullmann,N2,
OC1=CC=CC=C1,IC1=CC=C([N+]([O-])=O)C=C1,CC#N,48h,110,O=C(O[Co]OC(C)=O)C .[O].[O].[O].[O],[OH-].[K+],,,CC(C(O)=O)N,,O=[N+](C(C=C1)=CC=C1OC2=CC=CC=C2)[O-],47,Nitrobenzene,https://doi.org/10.1007/s00706-018-2324-6,optimization,1.2,1,0.1,0.2,2,,Table 1,article,ullmann,N2,
OC1=CC=CC=C1,IC1=CC=C([N+]([O-])=O)C=C1,CC#N,48h,110,O=C(O[Co]OC(C)=O)C .[O].[O].[O].[O],[OH-].[K+],,,NC(C(O)=O)C(C)C,,O=[N+](C(C=C1)=CC=C1OC2=CC=CC=C2)[O-],75,Nitrobenzene,https://doi.org/10.1007/s00706-018-2324-6,optimization,1.2,1,0.1,0.2,2,,Table 1,article,ullmann,N2,
OC1=CC=CC=C1,IC1=CC=C([N+]([O-])=O)C=C1,CC#N,48h,110,O=C(O[Co]OC(C)=O)C .[O].[O].[O].[O],[OH-].[K+],,,NC(C(O)=O)CC(C)C,,O=[N+](C(C=C1)=CC=C1OC2=CC=CC=C2)[O-],68,Nitrobenzene,https://doi.org/10.1007/s00706-018-2324-6,optimization,1.2,1,0.1,0.2,2,,Table 1,article,ullmann,N2,
OC1=CC=CC=C1,IC1=CC=C([N+]([O-])=O)C=C1,CC#N,48h,110,O=C(O[Co]OC(C)=O)C .[O].[O].[O].[O],[OH-].[K+],,,NC(C(O)=O)CC(C)C,,O=[N+](C(C=C1)=CC=C1OC2=CC=CC=C2)[O-],53,Nitrobenzene,https://doi.org/10.1007/s00706-018-2324-6,optimization,1.2,1,0.1,0.15,2,,Table 1,article,ullmann,N2,
OC1=CC=CC=C1,IC1=CC=C([N+]([O-])=O)C=C1,CC#N,48h,110,O=C(O[Co]OC(C)=O)C .[O].[O].[O].[O],[OH-].[K+],,,NC(C(O)=O)C(CC)C,,O=[N+](C(C=C1)=CC=C1OC2=CC=CC=C2)[O-],52,Nitrobenzene,https://doi.org/10.1007/s00706-018-2324-6,optimization,1.2,1,0.1,0.2,2,,Table 1,article,ullmann,N2,
OC1=CC=CC=C1,IC1=CC=C([N+]([O-])=O)C=C1,CC#N,48h,110,O=C(O[Co]OC(C)=O)C .[O].[O].[O].[O],[OH-].[K+],,,O[C@H]1[C@H](O)CCCC1,,O=[N+](C(C=C1)=CC=C1OC2=CC=CC=C2)[O-],53,Nitrobenzene,https://doi.org/10.1007/s00706-018-2324-6,optimization,1.2,1,0.1,0.2,2,,Table 1,article,ullmann,N2,
OC1=CC=CC=C1,IC1=CC=C([N+]([O-])=O)C=C1,CC#N,48h,110,O=C(O[Co]OC(C)=O)C .[O].[O].[O].[O],[OH-].[K+],,,NC(C(O)=O)C(C)C,,O=[N+](C(C=C1)=CC=C1OC2=CC=CC=C2)[O-],50,Nitrobenzene,https://doi.org/10.1007/s00706-018-2324-6,optimization,1.2,1,0.15,0.3,2,,Table 2,article,ullmann,N2,
OC1=CC=CC=C1,IC1=CC=C([N+]([O-])=O)C=C1,CCO,48h,110,O=C(O[Co]OC(C)=O)C .[O].[O].[O].[O],[OH-].[K+],,,NC(C(O)=O)C(C)C,,O=[N+](C(C=C1)=CC=C1OC2=CC=CC=C2)[O-],23,Nitrobenzene,https://doi.org/10.1007/s00706-018-2324-6,optimization,1.2,1,0.1,0.2,2,,Table 2,article,ullmann,N2,
OC1=CC=CC=C1,IC1=CC=C([N+]([O-])=O)C=C1,CC1=CC=CC=C1,48h,110,O=C(O[Co]OC(C)=O)C .[O].[O].[O].[O],[OH-].[K+],,,NC(C(O)=O)C(C)C,,O=[N+](C(C=C1)=CC=C1OC2=CC=CC=C2)[O-],0,Nitrobenzene,https://doi.org/10.1007/s00706-018-2324-6,optimization,1.2,1,0.1,0.2,2,,Table 2,article,ullmann,N2,
OC1=CC=CC=C1,IC1=CC=C([N+]([O-])=O)C=C1,CCO,48h,110,O=C(O[Co]OC(C)=O)C .[O].[O].[O].[O],[OH-].[K+],,,NC(C(O)=O)C(C)C,,O=[N+](C(C=C1)=CC=C1OC2=CC=CC=C2)[O-],1,Nitrobenzene,https://doi.org/10.1007/s00706-018-2324-6,optimization,1.2,1,0.1,0.2,2,,Table 2 ,article,ullmann,N2,
OC1=CC=CC=C1,IC1=CC=C([N+]([O-])=O)C=C1,CC#N,48h,110,O=C(O[Co]OC(C)=O)C .[O].[O].[O].[O],[O-]P([O-])([O-])=O.[K+].[K+].[K+],,,NC(C(O)=O)C(C)C,,O=[N+](C(C=C1)=CC=C1OC2=CC=CC=C2)[O-],39,Nitrobenzene,https://doi.org/10.1007/s00706-018-2324-6,optimization,1.2,1,0.1,0.2,2,,Table 2,article,ullmann,N2,
OC1=CC=CC=C1,IC1=CC=C([N+]([O-])=O)C=C1,CC#N,48h,110,O=C(O[Co]OC(C)=O)C .[O].[O].[O].[O],C(=O)([O-])[O-].[Na+].[Na+].[O],,,NC(C(O)=O)C(C)C,,O=[N+](C(C=C1)=CC=C1OC2=CC=CC=C2)[O-],1,Nitrobenzene,https://doi.org/10.1007/s00706-018-2324-6,optimization,1.2,1,0.1,0.2,2,,Table 2,article,ullmann,N2,
OC1=CC=CC=C1,IC1=CC=C([N+]([O-])=O)C=C1,CC#N,48h,110,O=C(O[Co]OC(C)=O)C .[O].[O].[O].[O],C(=O)([O-])[O-].[Na+].[Na+],,,NC(C(O)=O)C(C)C,,O=[N+](C(C=C1)=CC=C1OC2=CC=CC=C2)[O-],1,Nitrobenzene,https://doi.org/10.1007/s00706-018-2324-6,optimization,1.2,1,0.1,0.2,2,,Table 2,article,ullmann,N2,
OC1=CC=CC=C1,IC1=CC=C([N+]([O-])=O)C=C1,CC#N,48h,110,O=C(O[Co]OC(C)=O)C .[O].[O].[O].[O],[OH-].[Na+]  ,,,NC(C(O)=O)C(C)C,,O=[N+](C(C=C1)=CC=C1OC2=CC=CC=C2)[O-],46,Nitrobenzene,https://doi.org/10.1007/s00706-018-2324-6,optimization,1.2,1,0.1,0.2,2,,Table 2,article,ullmann,N2,
OC1=CC=CC=C1,IC1=CC=C([N+]([O-])=O)C=C1,CC#N,48h,110,O=C(O[Co]OC(C)=O)C .[O].[O].[O].[O],C(=O)(O)[O-].[Na+]  ,,,NC(C(O)=O)C(C)C,,O=[N+](C(C=C1)=CC=C1OC2=CC=CC=C2)[O-],1,Nitrobenzene,https://doi.org/10.1007/s00706-018-2324-6,optimization,1.2,1,0.1,0.2,2,,Table 2,article,ullmann,N2,
OC1=CC=CC=C1,IC1=CC=C([N+]([O-])=O)C=C1,CC#N,48h,110,O=C(O[Co]OC(C)=O)C .[O].[O].[O].[O],CC(C)(C)[O-].[K+] ,,,NC(C(O)=O)C(C)C,,O=[N+](C(C=C1)=CC=C1OC2=CC=CC=C2)[O-],63,Nitrobenzene,https://doi.org/10.1007/s00706-018-2324-6,optimization,1.2,1,0.1,0.2,2,,Table 2,article,ullmann,N2,
OC1=CC=CC=C1,IC1=CC=C([N+]([O-])=O)C=C1,CC#N,48h,110,O=C(O[Co]OC(C)=O)C .[O].[O].[O].[O],CC(C)(C)[O-].[Na+]  ,,,NC(C(O)=O)C(C)C,,O=[N+](C(C=C1)=CC=C1OC2=CC=CC=C2)[O-],58,Nitrobenzene,https://doi.org/10.1007/s00706-018-2324-6,optimization,1.2,1,0.1,0.2,2,,Table 2,article,ullmann,N2,
OC1=CC=CC=C1,IC1=CC=C([N+]([O-])=O)C=C1,CC#N,48h,110,O=C(O[Co]OC(C)=O)C .[O].[O].[O].[O],O=C([O-])[O-].[Cs+].[Cs+],,,NC(C(O)=O)C(C)C,,O=[N+](C(C=C1)=CC=C1OC2=CC=CC=C2)[O-],80,Nitrobenzene,https://doi.org/10.1007/s00706-018-2324-6,optimization,1.2,1,0.1,0.2,2,,Table 2,article,ullmann,N2,
OC1=CC=CC=C1,IC1=CC=C([N+]([O-])=O)C=C1,CC#N,48h,110,O=C(O[Co]OC(C)=O)C .[O].[O].[O].[O],O=C([O-])[O-].[Cs+].[Cs+],,,NC(C(O)=O)C(C)C,,O=[N+](C(C=C1)=CC=C1OC2=CC=CC=C2)[O-],67,Nitrobenzene,https://doi.org/10.1007/s00706-018-2324-6,optimization,1.2,1,0.05,0.1,2,,Table 3,article,ullmann,N2,
OC1=CC=CC=C1,IC1=CC=C([N+]([O-])=O)C=C1,CC#N,24h,110,O=C(O[Co]OC(C)=O)C .[O].[O].[O].[O],O=C([O-])[O-].[Cs+].[Cs+],,,NC(C(O)=O)C(C)C,,O=[N+](C(C=C1)=CC=C1OC2=CC=CC=C2)[O-],78,Nitrobenzene,https://doi.org/10.1007/s00706-018-2324-6,optimization,1.2,1,0.1,0.2,2,,Table 3,article,ullmann,N2,
OC1=CC=CC=C1,IC1=CC=C([N+]([O-])=O)C=C1,CC#N,48h,110,O=C(O[Co]OC(C)=O)C .[O].[O].[O].[O],O=C([O-])[O-].[Cs+].[Cs+],,,NC(C(O)=O)C(C)C,,O=[N+](C(C=C1)=CC=C1OC2=CC=CC=C2)[O-],80,Nitrobenzene,https://doi.org/10.1007/s00706-018-2324-6,optimization,1.2,1,0.1,0.2,2,,Table 3,article,ullmann,N2,
OC1=CC=CC=C1,IC1=CC=C([N+]([O-])=O)C=C1,CC#N,24h,110,O=C(O[Co]OC(C)=O)C .[O].[O].[O].[O],O=C([O-])[O-].[Cs+].[Cs+],,,NC(C(O)=O)C(C)C,,O=[N+](C(C=C1)=CC=C1OC2=CC=CC=C2)[O-],95,Nitrobenzene,https://doi.org/10.1007/s00706-018-2324-6,optimization,1.2,1,0.15,0.3,2,,Table 3,article,ullmann,N2,
OC1=CC=CC=C1,IC1=CC=C([N+]([O-])=O)C=C1,CC#N,24h,110,O=C(O[Co]OC(C)=O)C .[O].[O].[O].[O],O=C([O-])[O-].[Cs+].[Cs+],,,NC(C(O)=O)C(C)C,,O=[N+](C(C=C1)=CC=C1OC2=CC=CC=C2)[O-],96,Nitrobenzene,https://doi.org/10.1007/s00706-018-2324-6,optimization,1.2,1,0.15,0.3,2,,Table 3,article,ullmann,N2,
OC1=CC=CC=C1,IC1=CC=C([N+]([O-])=O)C=C1,CC#N,24h,110,O=C(O[Co]OC(C)=O)C .[O].[O].[O].[O],O=C([O-])[O-].[Cs+].[Cs+],,,,,O=[N+](C(C=C1)=CC=C1OC2=CC=CC=C2)[O-],28,Nitrobenzene,https://doi.org/10.1007/s00706-018-2324-6,optimization,1.2,1,,,2,,Table 3,article,ullmann,N2,
OC1=CC=CC=C1,IC1=CC=C([N+]([O-])=O)C=C1,CC#N,24h,110,O=C(O[Co]OC(C)=O)C .[O].[O].[O].[O],O=C([O-])[O-].[Cs+].[Cs+],,,NC(C(O)=O)C(C)C,,O=[N+](C(C=C1)=CC=C1OC2=CC=CC=C2)[O-],77,Nitrobenzene,https://doi.org/10.1007/s00706-018-2324-6,optimization,1.2,1,0.15,0.3,2,,Table 3,article,ullmann,N2,
OC1=CC=CC=C1,BrC1=CC=C([N+]([O-])=O)C=C1,CC#N,24h,110,O=C(O[Co]OC(C)=O)C .[O].[O].[O].[O],O=C([O-])[O-].[Cs+].[Cs+],,,NC(C(O)=O)C(C)C,,O=[N+](C(C=C1)=CC=C1OC2=CC=CC=C2)[O-],42,Nitrobenzene,https://doi.org/10.1007/s00706-018-2324-6,scope,1.2,1,0.15,0.3,2,,Table 4,article,ullmann,N2,
OC1=CC=CC=C1,ClC1=CC=C([N+]([O-])=O)C=C1,CC#N,24h,110,O=C(O[Co]OC(C)=O)C .[O].[O].[O].[O],O=C([O-])[O-].[Cs+].[Cs+],,,NC(C(O)=O)C(C)C,,O=[N+](C(C=C1)=CC=C1OC2=CC=CC=C2)[O-],18,Nitrobenzene,https://doi.org/10.1007/s00706-018-2324-6,scope,1.2,1,0.15,0.3,2,,Table 4,article,ullmann,N2,
OC1=CC=C(OC)C=C1,IC1=CC=C([N+]([O-])=O)C=C1,CC#N,24h,110,O=C(O[Co]OC(C)=O)C .[O].[O].[O].[O],O=C([O-])[O-].[Cs+].[Cs+],,,NC(C(O)=O)C(C)C,,COC(C=C1)=CC=C1OC2=CC=C([N+]([O-])=O)C=C2,60,Nitrobenzene,https://doi.org/10.1007/s00706-018-2324-6,scope,1.2,1,0.15,0.3,2,,Table 4,article,ullmann,N2,
CC1=CC=CC=C1O,IC1=CC=C([N+]([O-])=O)C=C1,CC#N,24h,110,O=C(O[Co]OC(C)=O)C .[O].[O].[O].[O],O=C([O-])[O-].[Cs+].[Cs+],,,NC(C(O)=O)C(C)C,,CC1=CC=CC=C1OC2=CC=C([N+]([O-])=O)C=C2,71,Nitrobenzene,https://doi.org/10.1007/s00706-018-2324-6,scope,1.2,1,0.15,0.3,2,,Table 4,article,ullmann,N2,
OC1=CC=C(C)C=C1,IC1=CC=C([N+]([O-])=O)C=C1,CC#N,24h,110,O=C(O[Co]OC(C)=O)C .[O].[O].[O].[O],O=C([O-])[O-].[Cs+].[Cs+],,,NC(C(O)=O)C(C)C,,CC(C=C1)=CC=C1OC2=CC=C([N+]([O-])=O)C=C2,81,Nitrobenzene,https://doi.org/10.1007/s00706-018-2324-6,scope,1.2,1,0.15,0.3,2,,Table 4,article,ullmann,N2,
OC1=CC=C(Cl)C=C1,IC1=CC=C([N+]([O-])=O)C=C1,CC#N,24h,110,O=C(O[Co]OC(C)=O)C .[O].[O].[O].[O],O=C([O-])[O-].[Cs+].[Cs+],,,NC(C(O)=O)C(C)C,,ClC(C=C1)=CC=C1OC2=CC=C([N+]([O-])=O)C=C2,90,Nitrobenzene,https://doi.org/10.1007/s00706-018-2324-6,scope,1.2,1,0.15,0.3,2,,Table 4,article,ullmann,N2,
OC1=CC=CC=C1Cl,IC1=CC=C([N+]([O-])=O)C=C1,CC#N,24h,110,O=C(O[Co]OC(C)=O)C .[O].[O].[O].[O],O=C([O-])[O-].[Cs+].[Cs+],,,NC(C(O)=O)C(C)C,,ClC1=CC=CC=C1OC2=CC=C([N+]([O-])=O)C=C2,76,Nitrobenzene,https://doi.org/10.1007/s00706-018-2324-6,scope,1.2,1,0.15,0.3,2,,Table 4,article,ullmann,N2,
OC1=CC=C(C=CC=C2)C2=C1,IC1=CC=C([N+]([O-])=O)C=C1,CC#N,24h,110,O=C(O[Co]OC(C)=O)C .[O].[O].[O].[O],O=C([O-])[O-].[Cs+].[Cs+],,,NC(C(O)=O)C(C)C,,O=[N+](C1=CC=C(OC2=CC=C(C=CC=C3)C3=C2)C=C1)[O-],24,Nitrobenzene,https://doi.org/10.1007/s00706-018-2324-6,scope,1.2,1,0.15,0.3,2,,Table 4,article,ullmann,N2,
OC1=CN=CC=C1,IC1=CC=C([N+]([O-])=O)C=C1,CC#N,24h,110,O=C(O[Co]OC(C)=O)C .[O].[O].[O].[O],O=C([O-])[O-].[Cs+].[Cs+],,,NC(C(O)=O)C(C)C,,O=[N+](C1=CC=C(OC2=CN=CC=C2)C=C1)[O-],40,Nitrobenzene,https://doi.org/10.1007/s00706-018-2324-6,scope,1.2,1,0.15,0.3,2,,Table 4,article,ullmann,N2,
OC1=CC=C(OC)C=C1,CC1=C(I)C=CC([N+]([O-])=O)=C1,CC#N,24h,110,O=C(O[Co]OC(C)=O)C .[O].[O].[O].[O],O=C([O-])[O-].[Cs+].[Cs+],,,NC(C(O)=O)C(C)C,,CC1=C(OC2=CC=C(OC)C=C2)C=CC([N+]([O-])=O)=C1,17,Nitrobenzene,https://doi.org/10.1007/s00706-018-2324-6,scope,1.2,1,0.15,0.3,2,,Table 4,article,ullmann,N2,
OC1=CC=C(C#N)C=C1,IC1=CC=C([N+]([O-])=O)C=C1,CC#N,24h,110,O=C(O[Co]OC(C)=O)C .[O].[O].[O].[O],O=C([O-])[O-].[Cs+].[Cs+],,,NC(C(O)=O)C(C)C,,O=[N+](C1=CC=C(OC2=CC=C(C#N)C=C2)C=C1)[O-],1,Nitrobenzene,https://doi.org/10.1007/s00706-018-2324-6,scope,1.2,1,0.15,0.3,2,,Table 4,article,ullmann,N2,
OC1=CC=C([N+]([O-])=O)C=C1,IC1=CC=C([N+]([O-])=O)C=C1,CC#N,24h,110,O=C(O[Co]OC(C)=O)C .[O].[O].[O].[O],O=C([O-])[O-].[Cs+].[Cs+],,,NC(C(O)=O)C(C)C,,O=[N+](C1=CC=C(OC2=CC=C([N+]([O-])=O)C=C2)C=C1)[O-],0,Nitrobenzene,https://doi.org/10.1007/s00706-018-2324-6,scope,1.2,1,0.15,0.3,2,,Table 4,article,ullmann,N2,
OC1=CC=C(OC)C=C1,IC1=CC=C(C#N)C=C1,CC#N,24h,135,O=C(O[Co]OC(C)=O)C .[O].[O].[O].[O],O=C([O-])[O-].[Cs+].[Cs+],,,NC(C(O)=O)C(C)C,,N#CC1=CC=C(OC2=CC=C(OC)C=C2)C=C1,55,benzonitrile,https://doi.org/10.1007/s00706-018-2324-6,scope,1.2,1,0.15,0.3,2,,Table 5,article,ullmann,N2,
OC1=CC=C(C)C=C1,IC1=CC=C(C#N)C=C1,CC#N,48h,135,O=C(O[Co]OC(C)=O)C .[O].[O].[O].[O],O=C([O-])[O-].[Cs+].[Cs+],,,NC(C(O)=O)C(C)C,,CC(C=C1)=CC=C1OC2=CC=C(C#N)C=C2,45,benzonitrile,https://doi.org/10.1007/s00706-018-2324-6,scope,1.2,1,0.15,0.3,2,,Table 5,article,ullmann,N2,
OC1=CC=CC=C1C,IC1=CC=C(C#N)C=C1,CC#N,48h,135,O=C(O[Co]OC(C)=O)C .[O].[O].[O].[O],O=C([O-])[O-].[Cs+].[Cs+],,,NC(C(O)=O)C(C)C,,CC1=CC=CC=C1OC2=CC=C(C#N)C=C2,43,benzonitrile,https://doi.org/10.1007/s00706-018-2324-6,scope,1.2,1,0.15,0.3,2,,Table 5,article,ullmann,N2,
OC1=CC=CC=C1,IC1=CC=C(C#N)C=C1,CC#N,48h,135,O=C(O[Co]OC(C)=O)C .[O].[O].[O].[O],O=C([O-])[O-].[Cs+].[Cs+],,,NC(C(O)=O)C(C)C,,N#CC1=CC=C(OC2=CC=CC=C2)C=C1,36,benzonitrile,https://doi.org/10.1007/s00706-018-2324-6,scope,1.2,1,0.15,0.3,2,,Table 5,article,ullmann,N2,
OC1=CC=C(Cl)C=C1,IC1=CC=C(C#N)C=C1,CC#N,48h,135,O=C(O[Co]OC(C)=O)C .[O].[O].[O].[O],O=C([O-])[O-].[Cs+].[Cs+],,,NC(C(O)=O)C(C)C,,ClC(C=C1)=CC=C1OC2=CC=C(C#N)C=C2,35,benzonitrile,https://doi.org/10.1007/s00706-018-2324-6,scope,1.2,1,0.15,0.3,2,,Table 5,article,ullmann,N2,
OC1=CC=CC=C1Cl,IC1=CC=C(C#N)C=C1,CC#N,48h,135,O=C(O[Co]OC(C)=O)C .[O].[O].[O].[O],O=C([O-])[O-].[Cs+].[Cs+],,,NC(C(O)=O)C(C)C,,ClC1=CC=CC=C1OC2=CC=C(C#N)C=C2,31,benzonitrile,https://doi.org/10.1007/s00706-018-2324-6,scope,1.2,1,0.15,0.3,2,,Table 5,article,ullmann,N2,
OC1=CC=CC=C1,IC1=CC=C(C(C)=O)C=C1,O,36h,130,Cl[Fe](Cl)Cl.O.O.O.O.O.O,O=C([O-])[O-].[Cs+].[Cs+],,,CNCCNC,,O=C(C)C1=CC=C(OC2=CC=CC=C2)C=C1,84,Acetophenone,https://doi.org/10.1016/j.jcat.2017.02.010,optimization,1,1.2,0.1,0.2,2,,Table 2,Research_Article,ullmann,,
OC1=CC=CC=C1,IC1=CC=C(C(C)=O)C=C1,O,36h,130,Cl[Fe](Cl)Cl.O.O.O.O.O.O,O=C([O-])[O-].[K+].[K+],,,CNCCNC,,O=C(C)C1=CC=C(OC2=CC=CC=C2)C=C1,67,Acetophenone,https://doi.org/10.1016/j.jcat.2017.02.010,optimization,1,1.2,0.1,0.2,2,,Table 1,Research_Article,ullmann,,
OC1=CC=CC=C1,IC1=CC=C(C(C)=O)C=C1,O,36h,130,Cl[Fe](Cl)Cl.O.O.O.O.O.O,O=C([O-])[O-].[K+].[K+],,,NCCN,,O=C(C)C1=CC=C(OC2=CC=CC=C2)C=C1,62,Acetophenone,https://doi.org/10.1016/j.jcat.2017.02.010,optimization,1,1.2,0.1,0.2,2,,Table 1,Research_Article,ullmann,,
OC1=CC=CC=C1,IC1=CC=C(C(C)=O)C=C1,O,36h,130,Cl[Fe](Cl)Cl.O.O.O.O.O.O,O=C([O-])[O-].[K+].[K+],,,C12=CC=CN=C1C3=NC=CC=C3C=C2,,O=C(C)C1=CC=C(OC2=CC=CC=C2)C=C1,49,Acetophenone,https://doi.org/10.1016/j.jcat.2017.02.010,optimization,1,1.2,0.1,0.2,2,,Table 1,Research_Article,ullmann,,
OC1=CC=CC=C1,IC1=CC=C(C(C)=O)C=C1,O,36h,130,Cl[Fe](Cl)Cl.O.O.O.O.O.O,O=C([O-])[O-].[K+].[K+],,,O=C([C@H]1NCCC1)O,,O=C(C)C1=CC=C(OC2=CC=CC=C2)C=C1,1,Acetophenone,https://doi.org/10.1016/j.jcat.2017.02.010,optimization,1,1.2,0.1,0.2,2,,Table 1,Research_Article,ullmann,,
OC1=CC=CC=C1,IC1=CC=C(C(C)=O)C=C1,O,36h,130,Cl[Fe](Cl)Cl.O.O.O.O.O.O,O=C([O-])[O-].[K+].[K+],,,N[C@H]1[C@H](N)CCCC1,,O=C(C)C1=CC=C(OC2=CC=CC=C2)C=C1,45,Acetophenone,https://doi.org/10.1016/j.jcat.2017.02.010,optimization,1,1.2,0.1,0.2,2,,Table 1,Research_Article,ullmann,,
OC1=CC=CC=C1,IC1=CC=C(C(C)=O)C=C1,O,36h,130,Cl[Fe](Cl)Cl.O.O.O.O.O.O,O=C([O-])[O-].[K+].[K+],,,C1(C2=NC=CC=C2)=CC=CC=N1,,O=C(C)C1=CC=C(OC2=CC=CC=C2)C=C1,1,Acetophenone,https://doi.org/10.1016/j.jcat.2017.02.010,optimization,1,1.2,0.1,0.2,2,,Table 1,Research_Article,ullmann,,
OC1=CC=CC=C1,IC1=CC=C(C(C)=O)C=C1,O,36h,120,Cl[Fe](Cl)Cl.O.O.O.O.O.O,O=C([O-])[O-].[K+].[K+],,,CNCCNC,,O=C(C)C1=CC=C(OC2=CC=CC=C2)C=C1,33,Acetophenone,https://doi.org/10.1016/j.jcat.2017.02.010,optimization,1,1.2,0.1,0.2,2,,Table 1,Research_Article,ullmann,,
OC1=CC=CC=C1,IC1=CC=C(C(C)=O)C=C1,O,36h,130,Cl[Fe](Cl)Cl.O.O.O.O.O.O,O=C([O-])[O-].[Cs+].[Cs+],,,NCCN,,O=C(C)C1=CC=C(OC2=CC=CC=C2)C=C1,65,Acetophenone,https://doi.org/10.1016/j.jcat.2017.02.010,optimization,1,1.2,0.1,0.2,2,,Table 1,Research_Article,ullmann,,
OC1=CC=CC=C1,IC1=CC=C(C(C)=O)C=C1,O,36h,130,Cl[Fe](Cl)Cl.O.O.O.O.O.O,[O-]P([O-])([O-])=O.[K+].[K+].[K+],,,CNCCNC,,O=C(C)C1=CC=C(OC2=CC=CC=C2)C=C1,45,Acetophenone,https://doi.org/10.1016/j.jcat.2017.02.010,optimization,1,1.2,0.1,0.2,2,,Table 2,Research_Article,ullmann,,
OC1=CC=CC=C1,IC1=CC=C(C(C)=O)C=C1,O,36h,130,Cl[Fe](Cl)Cl.O.O.O.O.O.O,[OH-].[Na+],,,CNCCNC,,O=C(C)C1=CC=C(OC2=CC=CC=C2)C=C1,49,Acetophenone,https://doi.org/10.1016/j.jcat.2017.02.010,optimization,1,1.2,0.1,0.2,2,,Table 2,Research_Article,ullmann,,
OC1=CC=CC=C1,IC1=CC=C(C(C)=O)C=C1,O,36h,130,Cl[Fe](Cl)Cl.O.O.O.O.O.O,[OH-].[K+],,,CNCCNC,,O=C(C)C1=CC=C(OC2=CC=CC=C2)C=C1,62,Acetophenone,https://doi.org/10.1016/j.jcat.2017.02.010,optimization,1,1.2,0.1,0.2,2,,Table 2,Research_Article,ullmann,,
OC1=CC=CC=C1,IC1=CC=C(C(C)=O)C=C1,O,36h,130,Cl[Fe](Cl)Cl.O.O.O.O.O.O,CCN(CC)CC,,,CNCCNC,,O=C(C)C1=CC=C(OC2=CC=CC=C2)C=C1,0,Acetophenone,https://doi.org/10.1016/j.jcat.2017.02.010,optimization,1,1.2,0.1,0.2,2,,Table 2,Research_Article,ullmann,,
OC1=CC=CC=C1,IC1=CC=C(C(C)=O)C=C1,O,36h,120,Cl[Fe](Cl)Cl.O.O.O.O.O.O,O=C([O-])[O-].[Cs+].[Cs+],,,CNCCNC,,O=C(C)C1=CC=C(OC2=CC=CC=C2)C=C1,36,Acetophenone,https://doi.org/10.1016/j.jcat.2017.02.010,optimization,1,1.2,0.1,0.2,2,,Table 2,Research_Article,ullmann,,
OC1=CC=CC=C1,IC1=CC=C(C(C)=O)C=C1,O,36h,100,Cl[Fe](Cl)Cl.O.O.O.O.O.O,O=C([O-])[O-].[Cs+].[Cs+],,,CNCCNC,,O=C(C)C1=CC=C(OC2=CC=CC=C2)C=C1,1,Acetophenone,https://doi.org/10.1016/j.jcat.2017.02.010,optimization,1,1.2,0.1,0.2,2,,Table 2,Research_Article,ullmann,,
OC1=CC=CC=C1,IC1=CC=C(C(C)=O)C=C1,O,24h,130,Cl[Fe](Cl)Cl.O.O.O.O.O.O,O=C([O-])[O-].[Cs+].[Cs+],,,CNCCNC,,O=C(C)C1=CC=C(OC2=CC=CC=C2)C=C1,65,Acetophenone,https://doi.org/10.1016/j.jcat.2017.02.010,optimization,1,1.2,0.1,0.2,2,,Table 2,Research_Article,ullmann,,
OC1=CC=CC=C1,IC1=CC=C(C(C)=O)C=C1,O,36h,130,Cl[Fe](Cl)Cl.O.O.O.O.O.O,O=C([O-])[O-].[Cs+].[Cs+],,,CNCCNC,,O=C(C)C1=CC=C(OC2=CC=CC=C2)C=C1,41,Acetophenone,https://doi.org/10.1016/j.jcat.2017.02.010,optimization,1,1.2,0.05,0.1,2,,Table 2,Research_Article,ullmann,,
OC1=CC=CC=C1,IC1=CC=C(C(C)=O)C=C1,O,36h,130,Cl[Fe](Cl)Cl.O.O.O.O.O.O,O=C([O-])[O-].[Cs+].[Cs+],,,CNCCNC,,O=C(C)C1=CC=C(OC2=CC=CC=C2)C=C1,82,Acetophenone,https://doi.org/10.1016/j.jcat.2017.02.010,optimization,1,1.2,0.15,0.3,2,,Table 2,Research_Article,ullmann,,
OC1=CC=CC=C1,IC1=CC=C(C(C)=O)C=C1,O,36h,130,Cl[Fe](Cl)Cl.O.O.O.O.O.O,O=C([O-])[O-].[Cs+].[Cs+],,,CNCCNC,,O=C(C)C1=CC=C(OC2=CC=CC=C2)C=C1,48,Acetophenone,https://doi.org/10.1016/j.jcat.2017.02.010,optimization,1,1.2,0.1,0.1,2,,Table 2,Research_Article,ullmann,,
OC1=CC=CC=C1,IC1=CC=C(C(C)=O)C=C1,O,36h,130,Cl[Fe](Cl)Cl.O.O.O.O.O.O,O=C([O-])[O-].[Cs+].[Cs+],,,CNCCNC,,O=C(C)C1=CC=C(OC2=CC=CC=C2)C=C1,83,Acetophenone,https://doi.org/10.1016/j.jcat.2017.02.010,optimization,1,1.2,0.1,0.2,3,,Table 2,Research_Article,ullmann,,
OC1=CC=CC=C1 ,IC1=CC=C(C(C)=O)C=C1,O,36h,130,,O=C([O-])[O-].[Cs+].[Cs+],,,,,O=C(C)C1=CC=C(OC2=CC=CC=C2)C=C1,0,Acetophenone,https://doi.org/10.1016/j.jcat.2017.02.010,optimization,1,1.2,,,2,,Table 1,Research_Article,ullmann,,
OC1=CC=CC=C1,BrC1=CC=C(C(C)=O)C=C1,O,36h,130,Cl[Fe](Cl)Cl.O.O.O.O.O.O,O=C([O-])[O-].[Cs+].[Cs+],,,CNCCNC,,O=C(C)C1=CC=C(OC2=CC=CC=C2)C=C1,31,Acetophenone,https://doi.org/10.1016/j.jcat.2017.02.010,scope,1,1.2,0.1,0.2,2,,Table 4,Research_Article,ullmann,,
OC1=CC=C(C)C=C1,IC1=CC=C(C(C)=O)C=C1,O,36h,130,Cl[Fe](Cl)Cl.O.O.O.O.O.O,O=C([O-])[O-].[Cs+].[Cs+],,,CNCCNC,,O=C(C)C1=CC=C(OC2=CC=C(C)C=C2)C=C1,76,Acetophenone,https://doi.org/10.1016/j.jcat.2017.02.010,scope,1,1.2,0.1,0.2,2,,Table 4,Research_Article,ullmann,,
OC1=CC=CC=C1,IC1=CC=C([N+]([O-])=O)C=C1,O,36h,130,Cl[Fe](Cl)Cl.O.O.O.O.O.O,O=C([O-])[O-].[Cs+].[Cs+],,,CNCCNC,,O=[N+](C1=CC=C(OC2=CC=CC=C2)C=C1)[O-],89,Acetophenone,https://doi.org/10.1016/j.jcat.2017.02.010,scope,1,1.2,0.1,0.2,2,,Table 4,Research_Article,ullmann,,
OC1=CC=C(OC)C=C1,IC1=CC=C([N+]([O-])=O)C=C1,O,36h,130,Cl[Fe](Cl)Cl.O.O.O.O.O.O,O=C([O-])[O-].[Cs+].[Cs+],,,CNCCNC,,O=[N+](C1=CC=C(OC2=CC=C(OC)C=C2)C=C1)[O-],91,Acetophenone,https://doi.org/10.1016/j.jcat.2017.02.010,scope,1,1.2,0.1,0.2,2,,Table 4,Research_Article,ullmann,,
OC1=CC=C(C)C=C1,IC1=CC=C([N+]([O-])=O)C=C1,O,36h,130,Cl[Fe](Cl)Cl.O.O.O.O.O.O,O=C([O-])[O-].[Cs+].[Cs+],,,CNCCNC,,CC(C=C1)=CC=C1OC2=CC=C([N+]([O-])=O)C=C2,90,Nitrobenzene,https://doi.org/10.1016/j.jcat.2017.02.010,scope,1,1.2,0.1,0.2,2,,Table 4,Research_Article,ullmann,,
OC1=CC=C(Cl)C=C1,IC1=CC=C([N+]([O-])=O)C=C1,O,36h,130,Cl[Fe](Cl)Cl.O.O.O.O.O.O,O=C([O-])[O-].[Cs+].[Cs+],,,CNCCNC,,ClC(C=C1)=CC=C1OC2=CC=C([N+]([O-])=O)C=C2,92,Nitrobenzene,https://doi.org/10.1016/j.jcat.2017.02.010,scope,1,1.2,0.1,0.2,2,,Table 4,Research_Article,ullmann,,
OC1=CC=C(C=CC=C2)C2=C1,IC1=CC=C([N+]([O-])=O)C=C1,O,36h,130,Cl[Fe](Cl)Cl.O.O.O.O.O.O,O=C([O-])[O-].[Cs+].[Cs+],,,CNCCNC,,O=[N+](C(C=C1)=CC=C1OC2=CC=C(C=CC=C3)C3=C2)[O-],84,Nitrobenzene,https://doi.org/10.1016/j.jcat.2017.02.010,scope,1,1.2,0.1,0.2,2,,Table 4,Research_Article,ullmann,,
OC1=CC=CC=C1,IC1=CC=CC=C1,O,36h,130,Cl[Fe](Cl)Cl.O.O.O.O.O.O,O=C([O-])[O-].[Cs+].[Cs+],,,CNCCNC,,C1(OC2=CC=CC=C2)=CC=CC=C1,82,Nitrobenzene,https://doi.org/10.1016/j.jcat.2017.02.010,scope,1,1.2,0.1,0.2,2,,Table 4,Research_Article,ullmann,,
OC1=CC=CC=C1,CC1=CC=C(I)C=C1,O,36h,130,Cl[Fe](Cl)Cl.O.O.O.O.O.O,O=C([O-])[O-].[Cs+].[Cs+],,,CNCCNC,,CC1=CC=C(OC2=CC=CC=C2)C=C1,56,Toluene,https://doi.org/10.1016/j.jcat.2017.02.010,scope,1,1.2,0.1,0.2,2,,Table 4,Research_Article,ullmann,,
OC1=CC=C(OC)C=C1,IC1=CC=CC=C1,O,36h,130,Cl[Fe](Cl)Cl.O.O.O.O.O.O,O=C([O-])[O-].[Cs+].[Cs+],,,CNCCNC,,COC(C=C1)=CC=C1OC2=CC=CC=C2,74,Anisole,https://doi.org/10.1016/j.jcat.2017.02.010,scope,1,1.2,0.1,0.2,2,,Table 4,Research_Article,ullmann,,
ClC1=CC=C(O)C=C1,IC1=CC=CC=C1,O,36h,130,Cl[Fe](Cl)Cl.O.O.O.O.O.O,O=C([O-])[O-].[Cs+].[Cs+],,,CNCCNC,,ClC(C=C1)=CC=C1OC2=CC=CC=C2,71,benzene,https://doi.org/10.1016/j.jcat.2017.02.010,scope,1,1.2,0.1,0.2,2,,Table 4,Research_Article,ullmann,,
OC1=CC=CC=C1,CC1=C(I)C=CC=C1,O,36h,130,Cl[Fe](Cl)Cl.O.O.O.O.O.O,O=C([O-])[O-].[Cs+].[Cs+],,,CNCCNC,,CC1=C(OC2=CC=CC=C2)C=CC=C1,49,Toluene,https://doi.org/10.1016/j.jcat.2017.02.010,scope,1,1.2,0.1,0.2,2,,Table 4,Research_Article,ullmann,,
OC1=CC=CC=C1C,IC1=CC=CC=C1,O,36h,130,Cl[Fe](Cl)Cl.O.O.O.O.O.O,O=C([O-])[O-].[Cs+].[Cs+],,,CNCCNC,,CC1=CC=CC=C1OC2=CC=CC=C2,78,Toluene,https://doi.org/10.1016/j.jcat.2017.02.010,scope,1,1.2,0.1,0.2,2,,Table 4,Research_Article,ullmann,,
OC1=CC=CC=C1,IC1=CC=CC(C(F)(F)F)=C1,O,36h,130,Cl[Fe](Cl)Cl.O.O.O.O.O.O,O=C([O-])[O-].[Cs+].[Cs+],,,CNCCNC,,FC(C1=CC(OC2=CC=CC=C2)=CC=C1)(F)F,91,(trifluoromethyl)benzene,https://doi.org/10.1016/j.jcat.2017.02.010,scope,1,1.2,0.1,0.2,2,,Table 4,Research_Article,ullmann,,
OC1=CC=C(OC)C=C1,IC1=CC(C)=CC(C)=C1,O,36h,130,Cl[Fe](Cl)Cl.O.O.O.O.O.O,O=C([O-])[O-].[Cs+].[Cs+],,,CNCCNC,,CC1=CC(OC2=CC=C(OC)C=C2)=CC(C)=C1,83,1-methyl-2-(trifluoromethyl)benzene,https://doi.org/10.1016/j.jcat.2017.02.010,scope,1,1.2,0.1,0.2,2,,Table 4,Research_Article,ullmann,,
OC1=CC=CC=C1,CC1=CC(I)=CC=C1,O,36h,130,Cl[Fe](Cl)Cl.O.O.O.O.O.O,O=C([O-])[O-].[Cs+].[Cs+],,,CNCCNC,,CC1=CC(OC2=CC=CC=C2)=CC=C1,75,Toluene,https://doi.org/10.1016/j.jcat.2017.02.010,scope,1,1.2,0.1,0.2,2,,Table 4,Research_Article,ullmann,,
OC1=CC=CC=C1,IC1=CN=CC=C1,O,36h,130,Cl[Fe](Cl)Cl.O.O.O.O.O.O,O=C([O-])[O-].[Cs+].[Cs+],,,CNCCNC,,C1(OC2=CC=CC=C2)=CN=CC=C1,78,pyridine,https://doi.org/10.1016/j.jcat.2017.02.010,scope,1,1.2,0.1,0.2,2,,Table 4,Research_Article,ullmann,,
OC1=CN=CC=C1,IC1=CC=CC=C1,O,36h,130,Cl[Fe](Cl)Cl.O.O.O.O.O.O,O=C([O-])[O-].[Cs+].[Cs+],,,CNCCNC,,C1(OC2=CN=CC=C2)=CC=CC=C1,51,Benzene,https://doi.org/10.1016/j.jcat.2017.02.010,scope,1,1.2,0.1,0.2,2,,Table 4,Research_Article,ullmann,,
OC1=CC=CC=C1,IC1=CC=C(C=C1)[N+]([O-])=O,CC#N,24h,110,Cl[Mn]Cl.O.O.O.O,C(=O)([O-])[O-].[Cs+].[Cs+] ,,,,,O=[N+]([O-])C1=CC=C(C=C1)OC2=CC=CC=C2,99,Nitrobenzene,https://doi.org/10.1002/slct.201901031,optimization,1,1.5,0.05,,2,,Table 4,article,ullmann,N2,
OC1=CC=CC=C1,IC1=CC=C(C=C1)[N+]([O-])=O,CC#N,48h,130,CC([O-])=O.CC([O-])=O.O.O.O.O.[Mn+2],[OH-].[K+]  ,,,O=C(C1NCCC1)O,,O=[N+]([O-])C1=CC=C(C=C1)OC2=CC=CC=C2,35,Nitrobenzene,https://doi.org/10.1002/slct.201901031,optimization,1,1.5,0.1,0.2,2,,Table 1,article,ullmann,N2,
OC1=CC=CC=C1,IC1=CC=C(C=C1)[N+]([O-])=O,CC#N,48h,130,[O-]S(=O)([O-])=O.O.[Mn+2],[OH-].[K+]  ,,,O=C(C1NCCC1)O,,O=[N+]([O-])C1=CC=C(C=C1)OC2=CC=CC=C2,31,Nitrobenzene,https://doi.org/10.1002/slct.201901031,optimization,1,1.5,0.1,0.2,2,,Table 1,article,ullmann,N2,
OC1=CC=CC=C1,IC1=CC=C(C=C1)[N+]([O-])=O,CC#N,48h,130,Cl[Mn]Cl.O.O.O.O,[OH-].[K+]  ,,,O=C(C1NCCC1)O,,O=[N+]([O-])C1=CC=C(C=C1)OC2=CC=CC=C2,45,Nitrobenzene,https://doi.org/10.1002/slct.201901031,optimization,1,1.5,0.1,0.2,2,,Table 1,article,ullmann,N2,
OC1=CC=CC=C1,IC1=CC=C(C=C1)[N+]([O-])=O,CC#N,48h,130,O=[Mn]=O,[OH-].[K+]  ,,,O=C(C1NCCC1)O,,O=[N+]([O-])C1=CC=C(C=C1)OC2=CC=CC=C2,27,Nitrobenzene,https://doi.org/10.1002/slct.201901031,optimization,1,1.5,0.1,0.2,2,,Table 1,article,ullmann,N2,
OC1=CC=CC=C1,IC1=CC=C(C=C1)[N+]([O-])=O,CC#N,24h,110,Cl[Mn]Cl.O.O.O.O,[OH-].[K+]  ,,,O=C(C1=NC=CC=C1)O,,O=[N+]([O-])C1=CC=C(C=C1)OC2=CC=CC=C2,72,Nitrobenzene,https://doi.org/10.1002/slct.201901031,optimization,1,1.5,0.1,0.2,2,,Scheme 2,article,ullmann,N2,
OC1=CC=CC=C1,IC1=CC=C(C=C1)[N+]([O-])=O,CC#N,24h,110,Cl[Mn]Cl.O.O.O.O,[OH-].[K+]  ,,,O=C(C1NCCC1)O,,O=[N+]([O-])C1=CC=C(C=C1)OC2=CC=CC=C2,50,Nitrobenzene,https://doi.org/10.1002/slct.201901031,optimization,1,1.5,0.1,0.2,2,,Scheme 2,article,ullmann,N2,
OC1=CC=CC=C1,IC1=CC=C(C=C1)[N+]([O-])=O,CC#N,24h,110,Cl[Mn]Cl.O.O.O.O,[OH-].[K+]  ,,,OC1=C(C2=C(C=CC=C3)C3=CC=C2O)C4=CC=CC=C4C=C1,,O=[N+]([O-])C1=CC=C(C=C1)OC2=CC=CC=C2,58,Nitrobenzene,https://doi.org/10.1002/slct.201901031,optimization,1,1.5,0.1,0.2,2,,Scheme 2,article,ullmann,N2,
OC1=CC=CC=C1,IC1=CC=C(C=C1)[N+]([O-])=O,CC#N,24h,110,Cl[Mn]Cl.O.O.O.O,[OH-].[K+]  ,,,C12=CC=C3C(N=CC=C3)=C1N=CC=C2,,O=[N+]([O-])C1=CC=C(C=C1)OC2=CC=CC=C2,70,Nitrobenzene,https://doi.org/10.1002/slct.201901031,optimization,1,1.5,0.1,0.2,2,,Scheme 2,article,ullmann,N2,
OC1=CC=CC=C1,IC1=CC=C(C=C1)[N+]([O-])=O,CC#N,24h,110,Cl[Mn]Cl.O.O.O.O,[OH-].[K+]  ,,,CC(C(N)C(O)=O)C,,O=[N+]([O-])C1=CC=C(C=C1)OC2=CC=CC=C2,74,Nitrobenzene,https://doi.org/10.1002/slct.201901031,optimization,1,1.5,0.1,0.2,2,,Scheme 2,article,ullmann,N2,
OC1=CC=CC=C1,IC1=CC=C(C=C1)[N+]([O-])=O,CC#N,24h,110,Cl[Mn]Cl.O.O.O.O,[OH-].[K+]  ,,,N[C@@H]1[C@@H](N)CCCC1,,O=[N+]([O-])C1=CC=C(C=C1)OC2=CC=CC=C2,80,Nitrobenzene,https://doi.org/10.1002/slct.201901031,optimization,1,1.5,0.1,0.2,2,,Scheme 2,article,ullmann,N2,
OC1=CC=CC=C1,IC1=CC=C(C=C1)[N+]([O-])=O,CC#N,24h,110,Cl[Mn]Cl.O.O.O.O,[OH-].[K+]  ,,,O[C@@H]1[C@@H](O)CCCC1,,O=[N+]([O-])C1=CC=C(C=C1)OC2=CC=CC=C2,82,Nitrobenzene,https://doi.org/10.1002/slct.201901031,optimization,1,1.5,0.1,0.2,2,,Scheme 2,article,ullmann,N2,
OC1=CC=CC=C1,IC1=CC=C(C=C1)[N+]([O-])=O,CC#N,24h,110,Cl[Mn]Cl.O.O.O.O,[OH-].[K+]  ,,,CNCCNC,,O=[N+]([O-])C1=CC=C(C=C1)OC2=CC=CC=C2,88,Nitrobenzene,https://doi.org/10.1002/slct.201901031,optimization,1,1.5,0.1,0.2,2,,Scheme 2,article,ullmann,N2,
OC1=CC=CC=C1,IC1=CC=C(C=C1)[N+]([O-])=O,CC#N,24h,110,Cl[Mn]Cl.O.O.O.O,[OH-].[K+]  ,,,C1(P(C2=CC=CC=C2)C3=CC=CC=C3)=CC=CC=C1,,O=[N+]([O-])C1=CC=C(C=C1)OC2=CC=CC=C2,53,Nitrobenzene,https://doi.org/10.1002/slct.201901031,optimization,1,1.5,0.1,0.2,2,,Scheme 2,article,ullmann,N2,
OC1=CC=CC=C1,IC1=CC=C(C=C1)[N+]([O-])=O,CC#N,24h,110,Cl[Mn]Cl.O.O.O.O,[OH-].[K+]  ,,,,,O=[N+]([O-])C1=CC=C(C=C1)OC2=CC=CC=C2,72,Nitrobenzene,https://doi.org/10.1002/slct.201901031,optimization,1,1.5,0.1,,2,,Scheme 2,article,ullmann,N2,
OC1=CC=CC=C1,IC1=CC=C(C=C1)[N+]([O-])=O,CC#N,24h,110,Cl[Mn]Cl.O.O.O.O,[OH-].[Na+],,,,,O=[N+]([O-])C1=CC=C(C=C1)OC2=CC=CC=C2,76,Nitrobenzene,https://doi.org/10.1002/slct.201901031,optimization,1,1.5,0.1,,2,,Table 2,article,ullmann,N2,
OC1=CC=CC=C1,IC1=CC=C(C=C1)[N+]([O-])=O,CC#N,24h,110,Cl[Mn]Cl.O.O.O.O,[O-]P(=O)([O-])[O-].[K+].[K+].[K+] ,,,,,O=[N+]([O-])C1=CC=C(C=C1)OC2=CC=CC=C2,96,Nitrobenzene,https://doi.org/10.1002/slct.201901031,optimization,1,1.5,0.1,,2,,Table 2,article,ullmann,N2,
OC1=CC=CC=C1,IC1=CC=C(C=C1)[N+]([O-])=O,CC#N,24h,110,Cl[Mn]Cl.O.O.O.O,C(=O)([O-])[O-].[K+].[K+] ,,,,,O=[N+]([O-])C1=CC=C(C=C1)OC2=CC=CC=C2,1,Nitrobenzene,https://doi.org/10.1002/slct.201901031,optimization,1,1.5,0.1,,2,,Table 2,article,ullmann,N2,
OC1=CC=CC=C1,IC1=CC=C(C=C1)[N+]([O-])=O,CC#N,24h,110,Cl[Mn]Cl.O.O.O.O, C(=O)(O)[O-].[Na+] ,,,,,O=[N+]([O-])C1=CC=C(C=C1)OC2=CC=CC=C2,0,Nitrobenzene,https://doi.org/10.1002/slct.201901031,optimization,1,1.5,0.1,,2,,Table 2,article,ullmann,N2,
OC1=CC=CC=C1,IC1=CC=C(C=C1)[N+]([O-])=O,CC#N,24h,110,Cl[Mn]Cl.O.O.O.O,CCN(CC)CC,,,,,O=[N+]([O-])C1=CC=C(C=C1)OC2=CC=CC=C2,0,Nitrobenzene,https://doi.org/10.1002/slct.201901031,optimization,1,1.5,0.1,,2,,Table 2,article,ullmann,N2,
OC1=CC=CC=C1,IC1=CC=C(C=C1)[N+]([O-])=O,CC#N,24h,110,Cl[Mn]Cl.O.O.O.O,C1CN2CCN1CC2 ,,,,,O=[N+]([O-])C1=CC=C(C=C1)OC2=CC=CC=C2,1,Nitrobenzene,https://doi.org/10.1002/slct.201901031,optimization,1,1.5,0.1,,2,,Table 2,article,ullmann,N2,
OC1=CC=CC=C1,IC1=CC=C(C=C1)[N+]([O-])=O,CC#N,24h,110,Cl[Mn]Cl.O.O.O.O,[2H-].[Na+],,,,,O=[N+]([O-])C1=CC=C(C=C1)OC2=CC=CC=C2,77,Nitrobenzene,https://doi.org/10.1002/slct.201901031,optimization,1,1.5,0.1,,2,,Table 2,article,ullmann,N2,
OC1=CC=CC=C1,IC1=CC=C(C=C1)[N+]([O-])=O,CC#N,24h,110,Cl[Mn]Cl.O.O.O.O,CC(C)(C)[O-].[K+],,,,,O=[N+]([O-])C1=CC=C(C=C1)OC2=CC=CC=C2,98,Nitrobenzene,https://doi.org/10.1002/slct.201901031,optimization,1,1.5,0.1,,2,,Table 2,article,ullmann,N2,
OC1=CC=CC=C1,IC1=CC=C(C=C1)[N+]([O-])=O,CC#N,24h,110,Cl[Mn]Cl.O.O.O.O,CC(C)(C)[O-].[Na+],,,,,O=[N+]([O-])C1=CC=C(C=C1)OC2=CC=CC=C2,95,Nitrobenzene,https://doi.org/10.1002/slct.201901031,optimization,1,1.5,0.1,,2,,Table 2,article,ullmann,N2,
OC1=CC=CC=C1,IC1=CC=C(C=C1)[N+]([O-])=O,CC1=CC=CC=C1,24h,110,Cl[Mn]Cl.O.O.O.O,C(=O)([O-])[O-].[Cs+].[Cs+] ,,,,,O=[N+]([O-])C1=CC=C(C=C1)OC2=CC=CC=C2,0,Nitrobenzene,https://doi.org/10.1002/slct.201901031,optimization,1,1.5,0.1,,2,,Table 2,article,ullmann,N2,
OC1=CC=CC=C1,IC1=CC=C(C=C1)[N+]([O-])=O,ClCCCl,24h,110,Cl[Mn]Cl.O.O.O.O,C(=O)([O-])[O-].[Cs+].[Cs+] ,,,,,O=[N+]([O-])C1=CC=C(C=C1)OC2=CC=CC=C2,1,Nitrobenzene,https://doi.org/10.1002/slct.201901031,optimization,1,1.5,0.1,,2,,Table 2,article,ullmann,N2,
OC1=CC=CC=C1,IC1=CC=C(C=C1)[N+]([O-])=O,O1CCCC1,24h,110,Cl[Mn]Cl.O.O.O.O,C(=O)([O-])[O-].[Cs+].[Cs+] ,,,,,O=[N+]([O-])C1=CC=C(C=C1)OC2=CC=CC=C2,42,Nitrobenzene,https://doi.org/10.1002/slct.201901031,optimization,1,1.5,0.1,,2,,Table 2,article,ullmann,N2,
OC1=CC=CC=C1,IC1=CC=C(C=C1)[N+]([O-])=O,CO,24h,110,Cl[Mn]Cl.O.O.O.O,C(=O)([O-])[O-].[Cs+].[Cs+] ,,,,,O=[N+]([O-])C1=CC=C(C=C1)OC2=CC=CC=C2,40,Nitrobenzene,https://doi.org/10.1002/slct.201901031,optimization,1,1.5,0.1,,2,,Table 2,article,ullmann,N2,
OC1=CC=CC=C1,IC1=CC=C(C=C1)[N+]([O-])=O,CCO,24h,110,Cl[Mn]Cl.O.O.O.O,C(=O)([O-])[O-].[Cs+].[Cs+] ,,,,,O=[N+]([O-])C1=CC=C(C=C1)OC2=CC=CC=C2,23,Nitrobenzene,https://doi.org/10.1002/slct.201901031,optimization,1,1.5,0.1,,2,,Table 2,article,ullmann,N2,
OC1=CC=CC=C1,IC1=CC=C(C=C1)[N+]([O-])=O,O,24h,110,Cl[Mn]Cl.O.O.O.O,C(=O)([O-])[O-].[Cs+].[Cs+] ,,,,,O=[N+]([O-])C1=CC=C(C=C1)OC2=CC=CC=C2,1,Nitrobenzene,https://doi.org/10.1002/slct.201901031,optimization,1,1.5,0.1,,2,,Table 2,article,ullmann,N2,
OC1=CC=CC=C1,IC1=CC=C(C=C1)[N+]([O-])=O,CC#N,24h,110,,C(=O)([O-])[O-].[Cs+].[Cs+] ,,,,,O=[N+]([O-])C1=CC=C(C=C1)OC2=CC=CC=C2,29,Nitrobenzene,https://doi.org/10.1002/slct.201901031,optimization,1,1.5,,,2,,Table 3,article,ullmann,N2,
OC1=CC=CC=C1,IC1=CC=C(C=C1)[N+]([O-])=O,CC#N,24h,110,Cl[Mn]Cl.O.O.O.O,,,,,,O=[N+]([O-])C1=CC=C(C=C1)OC2=CC=CC=C2,1,Nitrobenzene,https://doi.org/10.1002/slct.201901031,optimization,1,1.5,0.1,,,,Table 3,article,ullmann,N2,
OC1=CC=CC=C1,IC1=CC=C(C=C1)[N+]([O-])=O,CC#N,24h,80,Cl[Mn]Cl.O.O.O.O,C(=O)([O-])[O-].[Cs+].[Cs+] ,,,,,O=[N+]([O-])C1=CC=C(C=C1)OC2=CC=CC=C2,17,Nitrobenzene,https://doi.org/10.1002/slct.201901031,optimization,1,1.5,0.1,,2,,Table 3,article,ullmann,N2,
OC1=CC=CC=C1,IC1=CC=C(C=C1)[N+]([O-])=O,CC#N,24h,110,Cl[Mn]Cl.O.O.O.O,C(=O)([O-])[O-].[Cs+].[Cs+] ,,,,,O=[N+]([O-])C1=CC=C(C=C1)OC2=CC=CC=C2,36,Nitrobenzene,https://doi.org/10.1002/slct.201901031,optimization,1,1.5,0.1,,2,,Table 3,article,ullmann,O2,
OC1=CC=CC=C1,IC1=CC=C(C=C1)[N+]([O-])=O,CC#N,24h,11,Cl[Mn]Cl.O.O.O.O,C(=O)([O-])[O-].[Cs+].[Cs+] ,,,,,O=[N+]([O-])C1=CC=C(C=C1)OC2=CC=CC=C2,92,Nitrobenzene,https://doi.org/10.1002/slct.201901031,optimization,1,1.5,0.05,,2,,Table 3,article,ullmann,N2,yes
CC1=CC=C(O)C=C1,IC1=CC=C(C=C1)[N+]([O-])=O,CC#N,24h,110,Cl[Mn]Cl.O.O.O.O,C(=O)([O-])[O-].[Cs+].[Cs+] ,,,,,CC1=CC=C(OC2=CC=C([N+]([O-])=O)C=C2)C=C1,94,Nitrobenzene,https://doi.org/10.1002/slct.201901031,scope,1,1.5,0.05,,2,,Table 4,article,ullmann,N2,
ClC1=CC=C(O)C=C1,IC1=CC=C(C=C1)[N+]([O-])=O,CC#N,24h,110,Cl[Mn]Cl.O.O.O.O,C(=O)([O-])[O-].[Cs+].[Cs+] ,,,,,ClC1=CC=C(OC2=CC=C([N+]([O-])=O)C=C2)C=C1,98,Nitrobenzene,https://doi.org/10.1002/slct.201901031,scope,1,1.5,0.05,,2,,Table 4,article,ullmann,N2,
OC1=CC=C(OC)C=C1,IC1=CC=C(C=C1)[N+]([O-])=O,CC#N,24h,110,Cl[Mn]Cl.O.O.O.O,C(=O)([O-])[O-].[Cs+].[Cs+] ,,,,,COC1=CC=C(OC2=CC=C([N+]([O-])=O)C=C2)C=C1,92,Nitrobenzene,https://doi.org/10.1002/slct.201901031,scope,1,1.5,0.05,,2,,Table 4,article,ullmann,N2,
ClC1=CC=CC=C1O,IC1=CC=C(C=C1)[N+]([O-])=O,CC#N,24h,110,Cl[Mn]Cl.O.O.O.O,C(=O)([O-])[O-].[Cs+].[Cs+] ,,,,,ClC1=CC=CC=C1OC2=CC=C([N+]([O-])=O)C=C2,84,Nitrobenzene,https://doi.org/10.1002/slct.201901031,scope,1,1.5,0.05,,2,,Table 4,article,ullmann,N2,
OC1=CC=CC(C)=C1,IC1=CC=C(C=C1)[N+]([O-])=O,CC#N,24h,110,Cl[Mn]Cl.O.O.O.O,C(=O)([O-])[O-].[Cs+].[Cs+] ,,,,,CC1=CC(OC2=CC=C([N+]([O-])=O)C=C2)=CC=C1,98,Nitrobenzene,https://doi.org/10.1002/slct.201901031,scope,1,1.5,0.05,,2,,Table 4,article,ullmann,N2,
OC1=CC=CC=C1C,IC1=CC=C(C=C1)[N+]([O-])=O,CC#N,24h,110,Cl[Mn]Cl.O.O.O.O,C(=O)([O-])[O-].[Cs+].[Cs+] ,,,,,CC1=CC=CC=C1OC2=CC=C([N+]([O-])=O)C=C2,88,Nitrobenzene,https://doi.org/10.1002/slct.201901031,scope,1,1.5,0.05,,2,,Table 4,article,ullmann,N2,
OC1=CN=CC=C1,IC1=CC=C(C=C1)[N+]([O-])=O,CC#N,24h,110,Cl[Mn]Cl.O.O.O.O,C(=O)([O-])[O-].[Cs+].[Cs+] ,,,,,O=[N+](C(C=C1)=CC=C1OC2=CN=CC=C2)[O-],86,Nitrobenzene,https://doi.org/10.1002/slct.201901031,scope,1,1.5,0.05,,2,,Table 4,article,ullmann,N2,
OC1=CC=CC2=C1C=CC=C2,IC1=CC=C(C=C1)[N+]([O-])=O,CC#N,24h,110,Cl[Mn]Cl.O.O.O.O,C(=O)([O-])[O-].[Cs+].[Cs+] ,,,,,O=[N+](C(C=C1)=CC=C1OC2=CC=CC3=C2C=CC=C3)[O-],42,Nitrobenzene,https://doi.org/10.1002/slct.201901031,scope,1,1.5,0.05,,2,,Table 4,article,ullmann,N2,
OC1=CC2=C(C=CC=C2)C=C1,IC1=CC=C(C=C1)[N+]([O-])=O,CC#N,24h,110,Cl[Mn]Cl.O.O.O.O,C(=O)([O-])[O-].[Cs+].[Cs+] ,,,,,O=[N+](C(C=C1)=CC=C1OC2=CC=C(C=CC=C3)C3=C2)[O-],49,Nitrobenzene,https://doi.org/10.1002/slct.201901031,scope,1,1.5,0.05,,2,,Table 4,article,ullmann,N2,
OC1=CC=C(C#N)C=C1,IC1=CC=C(C=C1)[N+]([O-])=O,CC#N,24h,110,Cl[Mn]Cl.O.O.O.O,C(=O)([O-])[O-].[Cs+].[Cs+] ,,,,,O=[N+](C(C=C1)=CC=C1OC2=CC=C(C#N)C=C2)[O-],76,Nitrobenzene,https://doi.org/10.1002/slct.201901031,scope,1,1.5,0.05,,2,,Table 4,article,ullmann,N2,
OC1=CC=CC=C1,CC(C=C([N+]([O-])=O)C=C1)=C1OC2=CC=CC=C2,CC#N,24h,110,Cl[Mn]Cl.O.O.O.O,C(=O)([O-])[O-].[Cs+].[Cs+] ,,,,,CC(C=C([N+]([O-])=O)C=C1)=C1OC2=CC=CC=C2,97,Nitrobenzene,https://doi.org/10.1002/slct.201901031,scope,1,1.5,0.05,,2,,Table 4,article,ullmann,N2,
OC1=CC=CC=C1,IC1=CC=C(C(C)=O)C=C1,CC#N,65h,145,CC[Zn]CC,O=C([O-])[O-].[Cs+].[Cs+],,,O=C(O)[C@H]1CCCN1,,O=C(C(C=C1)=CC=C1OC2=CC=CC=C2)C,70,Acetophenone,https://doi.org/10.1002/slct.201800541,optimization,2,1,0.2,0.4,2,,Table 1,article,ullmann,N2,
OC1=CC=CC=C1,IC1=CC=C(C(C)=O)C=C1,CC#N,65h,145,Zn(OAc)2,O=C([O-])[O-].[Cs+].[Cs+],,,O=C(O)[C@H]1CCCN1,,O=C(C(C=C1)=CC=C1OC2=CC=CC=C2)C,0,Acetophenone,https://doi.org/10.1002/slct.201800541,optimization,2,1,0.2,0.4,2,,Table 1,article,ullmann,N2,
OC1=CC=CC=C1,IC1=CC=C(C(C)=O)C=C1,CC#N,65h,145,ZnCl2,O=C([O-])[O-].[Cs+].[Cs+],,,O=C(O)[C@H]1CCCN1,,O=C(C(C=C1)=CC=C1OC2=CC=CC=C2)C,0,Acetophenone,https://doi.org/10.1002/slct.201800541,optimization,2,1,0.2,0.4,2,,Table 1,article,ullmann,N2,
OC1=CC=CC=C1,IC1=CC=C(C(C)=O)C=C1,CC#N,65h,145,CC[Zn]CC,O=C([O-])[O-].[Cs+].[Cs+],,,OCCO,,O=C(C(C=C1)=CC=C1OC2=CC=CC=C2)C,41,Acetophenone,https://doi.org/10.1002/slct.201800541,optimization,2,1,0.2,0.4,2,,Scheme 2,article,ullmann,N2,
OC1=CC=CC=C1,IC1=CC=C(C(C)=O)C=C1,CC#N,65h,145,CC[Zn]CC,O=C([O-])[O-].[Cs+].[Cs+],,,OC1=[C@@]([C@@]2=C(O)C=CC3=C2C=CC=C3)C4=CC=CC=C4C=C1,,O=C(C(C=C1)=CC=C1OC2=CC=CC=C2)C,39,Acetophenone,https://doi.org/10.1002/slct.201800541,optimization,2,1,0.2,0.4,2,,Scheme 2,article,ullmann,N2,
OC1=CC=CC=C1,IC1=CC=C(C(C)=O)C=C1,CC#N,65h,145,CC[Zn]CC,O=C([O-])[O-].[Cs+].[Cs+],,,N1(CC2)CCN2CC1,,O=C(C(C=C1)=CC=C1OC2=CC=CC=C2)C,52,Acetophenone,https://doi.org/10.1002/slct.201800541,optimization,2,1,0.2,0.4,2,,Scheme 2,article,ullmann,N2,
OC1=CC=CC=C1,IC1=CC=C(C(C)=O)C=C1,CC#N,65h,145,CC[Zn]CC,O=C([O-])[O-].[Cs+].[Cs+],,,O[C@H]1[C@H](O)CCCC1,,O=C(C(C=C1)=CC=C1OC2=CC=CC=C2)C,48,Acetophenone,https://doi.org/10.1002/slct.201800541,optimization,2,1,0.2,0.4,2,,Scheme 2,article,ullmann,N2,
OC1=CC=CC=C1,IC1=CC=C(C(C)=O)C=C1,CC#N,65h,145,CC[Zn]CC,O=C([O-])[O-].[Cs+].[Cs+],,,N[C@H]1[C@H](N)CCCC1,,O=C(C(C=C1)=CC=C1OC2=CC=CC=C2)C,23,Acetophenone,https://doi.org/10.1002/slct.201800541,optimization,2,1,0.2,0.4,2,,Scheme 2,article,ullmann,N2,
OC1=CC=CC=C1,IC1=CC=C(C(C)=O)C=C1,CC#N,65h,145,CC[Zn]CC,O=C([O-])[O-].[Cs+].[Cs+],,,CNCCNC,,O=C(C(C=C1)=CC=C1OC2=CC=CC=C2)C,31,Acetophenone,https://doi.org/10.1002/slct.201800541,optimization,2,1,0.2,0.4,2,,Scheme 2,article,ullmann,N2,
OC1=CC=CC=C1,IC1=CC=C(C(C)=O)C=C1,CC#N,65h,145,CC[Zn]CC,O=C([O-])[O-].[Cs+].[Cs+],,,CC(/C(C)=N/O)=N\O,,O=C(C(C=C1)=CC=C1OC2=CC=CC=C2)C,34,Acetophenone,https://doi.org/10.1002/slct.201800541,optimization,2,1,0.2,0.4,2,,Scheme 2,article,ullmann,N2,
OC1=CC=CC=C1,IC1=CC=C(C(C)=O)C=C1,CC#N,65h,145,CC[Zn]CC,O=C([O-])[O-].[Cs+].[Cs+],,,CC([C@H](N)C(O)=O)C,,O=C(C(C=C1)=CC=C1OC2=CC=CC=C2)C,38,Acetophenone,https://doi.org/10.1002/slct.201800541,optimization,2,1,0.2,0.4,2,,Scheme 2,article,ullmann,N2,
OC1=CC=CC=C1,IC1=CC=C(C(C)=O)C=C1,CC#N,65h,145,CC[Zn]CC,O=C([O-])[O-].[Cs+].[Cs+],,,CC(C[C@H](N)C(O)=O)C,,O=C(C(C=C1)=CC=C1OC2=CC=CC=C2)C,20,Acetophenone,https://doi.org/10.1002/slct.201800541,optimization,2,1,0.2,0.4,2,,Scheme 2,article,ullmann,N2,
OC1=CC=CC=C1,IC1=CC=C(C(C)=O)C=C1,CC#N,65h,145,CC[Zn]CC,O=C([O-])[O-].[Cs+].[Cs+],,,C[C@H](N)C(O)=O,,O=C(C(C=C1)=CC=C1OC2=CC=CC=C2)C,50,Acetophenone,https://doi.org/10.1002/slct.201800541,optimization,2,1,0.2,0.4,2,,Scheme 2,article,ullmann,N2,
OC1=CC=CC=C1,IC1=CC=C(C(C)=O)C=C1,CC#N,65h,145,CC[Zn]CC,CC(C)(C)[O-].[Na+]  ,,,O=C(O)[C@H]1CCCN1,,O=C(C(C=C1)=CC=C1OC2=CC=CC=C2)C,5,Acetophenone,https://doi.org/10.1002/slct.201800541,optimization,2,1,0.2,0.4,2,,Table 2,article,ullmann,N2,
OC1=CC=CC=C1,IC1=CC=C(C(C)=O)C=C1,CC#N,65h,145,CC[Zn]CC,[O-]P([O-])([O-])=O.[K+].[K+].[K+],,,O=C(O)[C@H]1CCCN1,,O=C(C(C=C1)=CC=C1OC2=CC=CC=C2)C,39,Acetophenone,https://doi.org/10.1002/slct.201800541,optimization,2,1,0.2,0.4,2,,Table 2,article,ullmann,N2,
OC1=CC=CC=C1,IC1=CC=C(C(C)=O)C=C1,CC#N,65h,145,CC[Zn]CC,CC(C)([O-])C.[K+],,,O=C(O)[C@H]1CCCN1,,O=C(C(C=C1)=CC=C1OC2=CC=CC=C2)C,41,Acetophenone,https://doi.org/10.1002/slct.201800541,optimization,2,1,0.2,0.4,2,,Table 2,article,ullmann,N2,
OC1=CC=CC=C1,IC1=CC=C(C(C)=O)C=C1,CC#N,65h,145,CC[Zn]CC,O=C([O-])[O-].[K+].[K+],,,O=C(O)[C@H]1CCCN1,,O=C(C(C=C1)=CC=C1OC2=CC=CC=C2)C,25,Acetophenone,https://doi.org/10.1002/slct.201800541,optimization,2,1,0.2,0.4,2,,Table 2,article,ullmann,N2,
OC1=CC=CC=C1,IC1=CC=C(C(C)=O)C=C1,CC#N,65h,145,CC[Zn]CC,C(=O)([O-])[O-].[Na+].[Na+]  ,,,O=C(O)[C@H]1CCCN1,,O=C(C(C=C1)=CC=C1OC2=CC=CC=C2)C,11,Acetophenone,https://doi.org/10.1002/slct.201800541,optimization,2,1,0.2,0.4,2,,Table 2,article,ullmann,N2,
OC1=CC=CC=C1,IC1=CC=C(C(C)=O)C=C1,CC#N,65h,145,CC[Zn]CC,[OH-].[K+],,,O=C(O)[C@H]1CCCN1,,O=C(C(C=C1)=CC=C1OC2=CC=CC=C2)C,24,Acetophenone,https://doi.org/10.1002/slct.201800541,optimization,2,1,0.2,0.4,2,,Table 2,article,ullmann,N2,
OC1=CC=CC=C1,IC1=CC=C(C(C)=O)C=C1,CC#N,65h,145,CC[Zn]CC,[OH-].[Na+],,,O=C(O)[C@H]1CCCN1,,O=C(C(C=C1)=CC=C1OC2=CC=CC=C2)C,1,Acetophenone,https://doi.org/10.1002/slct.201800541,optimization,2,1,0.2,0.4,2,,Table 2,article,ullmann,N2,
OC1=CC=CC=C1,IC1=CC=C(C(C)=O)C=C1,CC#N,65h,145,CC[Zn]CC,CCN(CC)CC,,,O=C(O)[C@H]1CCCN1,,O=C(C(C=C1)=CC=C1OC2=CC=CC=C2)C,8,Acetophenone,https://doi.org/10.1002/slct.201800541,optimization,2,1,0.2,0.4,2,,Table 2,article,ullmann,N2,
OC1=CC=CC=C1,IC1=CC=C(C(C)=O)C=C1,COC,65h,145,CC[Zn]CC,O=C([O-])[O-].[Cs+].[Cs+],,,O=C(O)[C@H]1CCCN1,,O=C(C(C=C1)=CC=C1OC2=CC=CC=C2)C,1,Acetophenone,https://doi.org/10.1002/slct.201800541,optimization,2,1,0.2,0.4,2,,Table 2,article,ullmann,N2,
OC1=CC=CC=C1,IC1=CC=C(C(C)=O)C=C1,O1CCCC1,65h,145,CC[Zn]CC,O=C([O-])[O-].[Cs+].[Cs+],,,O=C(O)[C@H]1CCCN1,,O=C(C(C=C1)=CC=C1OC2=CC=CC=C2)C,1,Acetophenone,https://doi.org/10.1002/slct.201800541,optimization,2,1,0.2,0.4,2,,Table 2,article,ullmann,N2,
OC1=CC=CC=C1,IC1=CC=C(C(C)=O)C=C1,C1COCCO1,65h,145,CC[Zn]CC,O=C([O-])[O-].[Cs+].[Cs+],,,O=C(O)[C@H]1CCCN1,,O=C(C(C=C1)=CC=C1OC2=CC=CC=C2)C,0,Acetophenone,https://doi.org/10.1002/slct.201800541,optimization,2,1,0.2,0.4,2,,Table 2,article,ullmann,N2,
OC1=CC=CC=C1,IC1=CC=C(C(C)=O)C=C1,CC1=CC=CC=C1,65h,145,CC[Zn]CC,O=C([O-])[O-].[Cs+].[Cs+],,,O=C(O)[C@H]1CCCN1,,O=C(C(C=C1)=CC=C1OC2=CC=CC=C2)C,0,Acetophenone,https://doi.org/10.1002/slct.201800541,optimization,2,1,0.2,0.4,2,,Table 2,article,ullmann,N2,
OC1=CC=CC=C1,IC1=CC=C(C(C)=O)C=C1,CO,65h,145,CC[Zn]CC,O=C([O-])[O-].[Cs+].[Cs+],,,O=C(O)[C@H]1CCCN1,,O=C(C(C=C1)=CC=C1OC2=CC=CC=C2)C,14,Acetophenone,https://doi.org/10.1002/slct.201800541,optimization,2,1,20,0.4,2,,Table 2,article,ullmann,N2,
OC1=CC=CC=C1,IC1=CC=C(C(C)=O)C=C1,CCO,65h,145,CC[Zn]CC,O=C([O-])[O-].[Cs+].[Cs+],,,O=C(O)[C@H]1CCCN1,,O=C(C(C=C1)=CC=C1OC2=CC=CC=C2)C,21,Acetophenone,https://doi.org/10.1002/slct.201800541,optimization,2,1,0.2,0.4,2,,Table 2,article,ullmann,N2,
OC1=CC=CC=C1,IC1=CC=C(C(C)=O)C=C1,CN(C=O)C,65h,145,CC[Zn]CC,O=C([O-])[O-].[Cs+].[Cs+],,,O=C(O)[C@H]1CCCN1,,O=C(C(C=C1)=CC=C1OC2=CC=CC=C2)C,30,Acetophenone,https://doi.org/10.1002/slct.201800541,optimization,2,1,0.2,0.4,2,,Table 2,article,ullmann,N2,
OC1=CC=CC=C1,IC1=CC=C(C(C)=O)C=C1,CS(C)=O,65h,145,CC[Zn]CC,O=C([O-])[O-].[Cs+].[Cs+],,,O=C(O)[C@H]1CCCN1,,O=C(C(C=C1)=CC=C1OC2=CC=CC=C2)C,11,Acetophenone,https://doi.org/10.1002/slct.201800541,optimization,2,1,0.2,0.4,2,,Table 2,article,ullmann,N2,
OC1=CC=CC=C1,IC1=CC=C(C(C)=O)C=C1,CC#N,65h,135,CC[Zn]CC,O=C([O-])[O-].[Cs+].[Cs+],,,O=C(O)[C@H]1CCCN1,,O=C(C(C=C1)=CC=C1OC2=CC=CC=C2)C,49,Acetophenone,https://doi.org/10.1002/slct.201800541,optimization,2,1,0.2,0.4,2,,Table 2,article,ullmann,N2,
OC1=CC=CC=C1,IC1=CC=C(C(C)=O)C=C1,CC#N,65h,125,CC[Zn]CC,O=C([O-])[O-].[Cs+].[Cs+],,,O=C(O)[C@H]1CCCN1,,O=C(C(C=C1)=CC=C1OC2=CC=CC=C2)C,25,Acetophenone,https://doi.org/10.1002/slct.201800541,optimization,2,1,0.2,0.4,2,,Table 2,article,ullmann,N2,
OC1=CC=CC=C1,IC1=CC=C(C(C)=O)C=C1,CC#N,65h,145,CC[Zn]CC,O=C([O-])[O-].[Cs+].[Cs+],,,O=C(O)[C@H]1CCCN1,,O=C(C(C=C1)=CC=C1OC2=CC=CC=C2)C,33,Acetophenone,https://doi.org/10.1002/slct.201800541,optimization,1.5,1,0.2,0.4,2,,Table 2,article,ullmann,N2,
OC1=CC=CC=C1,IC1=CC=C(C(C)=O)C=C1,CC#N,55h,145,CC[Zn]CC,O=C([O-])[O-].[Cs+].[Cs+],,,O=C(O)[C@H]1CCCN1,,O=C(C(C=C1)=CC=C1OC2=CC=CC=C2)C,56,Acetophenone,https://doi.org/10.1002/slct.201800541,optimization,2,1,0.2,0.4,2,,Table 2,article,ullmann,N2,
OC1=CC=CC=C1,IC1=CC=C(C(C)=O)C=C1,CC#N,45h,145,CC[Zn]CC,O=C([O-])[O-].[Cs+].[Cs+],,,O=C(O)[C@H]1CCCN1,,O=C(C(C=C1)=CC=C1OC2=CC=CC=C2)C,46,Acetophenone,https://doi.org/10.1002/slct.201800541,optimization,2,1,0.2,0.4,2,,Table 2,article,ullmann,N2,
OC1=CC=CC=C1,IC1=CC=C(C(C)=O)C=C1,CC#N,65h,145,,O=C([O-])[O-].[Cs+].[Cs+],,,O=C(O)[C@H]1CCCN1,,O=C(C(C=C1)=CC=C1OC2=CC=CC=C2)C,0,Acetophenone,https://doi.org/10.1002/slct.201800541,optimization,2,1,,0.4,2,,Table 2,article,ullmann,N2,
OC1=CC=CC=C1,IC1=CC=C(C(C)=O)C=C1,CC#N,65h,145,CC[Zn]CC,O=C([O-])[O-].[Cs+].[Cs+],,,,,O=C(C(C=C1)=CC=C1OC2=CC=CC=C2)C,0,Acetophenone,https://doi.org/10.1002/slct.201800541,optimization,2,1,0.2,,2,,Table 2,article,ullmann,N2,
OC1=CC=CC=C1,IC1=CC=C(C(C)=O)C=C1,CC#N,65h,145,,O=C([O-])[O-].[Cs+].[Cs+],,,,,O=C(C(C=C1)=CC=C1OC2=CC=CC=C2)C,0,Acetophenone,https://doi.org/10.1002/slct.201800541,optimization,2,1,,,2,,Table 2,article,ullmann,N2,
OC1=CC=CC=C1,IC1=CC=C(C(C)=O)C=C1,CC#N,65h,145,CC[Zn]CC,O=C([O-])[O-].[Cs+].[Cs+],,,O=C(O)[C@H]1CCCN1,,O=C(C(C=C1)=CC=C1OC2=CC=CC=C2)C,1,Acetophenone,https://doi.org/10.1002/slct.201800541,optimization,2,1,0.2,0.4,2,,Table 2,article,ullmann,,
OC1=CC=CC=C1,IC1=CC=C(C(C)=O)C=C1,CC#N,65h,145,CC[Zn]CC,O=C([O-])[O-].[Cs+].[Cs+],,,O=C(O)[C@H]1CCCN1,,O=C(C(C=C1)=CC=C1OC2=CC=CC=C2)C,36,Acetophenone,https://doi.org/10.1002/slct.201800541,optimization,2,1,0.3,0.6,2,,Table 3,article,ullmann,N2,
OC1=CC=CC=C1,IC1=CC=C(C(C)=O)C=C1,CC#N,65h,145,CC[Zn]CC,O=C([O-])[O-].[Cs+].[Cs+],,,O=C(O)[C@H]1CCCN1,,O=C(C(C=C1)=CC=C1OC2=CC=CC=C2)C,48,Acetophenone,https://doi.org/10.1002/slct.201800541,optimization,2,1,0.25,0.5,2,,Table 3,article,ullmann,N2,
OC1=CC=CC=C1,IC1=CC=C(C(C)=O)C=C1,CC#N,65h,145,CC[Zn]CC,O=C([O-])[O-].[Cs+].[Cs+],,,O=C(O)[C@H]1CCCN1,,O=C(C(C=C1)=CC=C1OC2=CC=CC=C2)C,61,Acetophenone,https://doi.org/10.1002/slct.201800541,optimization,2,1,0.15,0.3,2,,Table 3,article,ullmann,N2,
OC1=CC=CC=C1,IC1=CC=C(C(C)=O)C=C1,CC#N,65h,145,CC[Zn]CC,O=C([O-])[O-].[Cs+].[Cs+],,,O=C(O)[C@H]1CCCN1,,O=C(C(C=C1)=CC=C1OC2=CC=CC=C2)C,56,Acetophenone,https://doi.org/10.1002/slct.201800541,optimization,2,1,0.1,0.2,2,,Table 3,article,ullmann,N2,
OC1=CC=C(C)C=C1,IC1=CC=C(C(C)=O)C=C1,CC#N,65h,145,CC[Zn]CC,O=C([O-])[O-].[Cs+].[Cs+],,,O=C(O)[C@H]1CCCN1,,CC1=CC=C(OC2=CC=C(C(C)=O)C=C2)C=C1,62,Acetophenone,https://doi.org/10.1002/slct.201800541,scope,2,1,0.2,0.4,2,,Scheme 3,article,ullmann,N2,
OC1=CC=C(C=CC=C2)C2=C1,IC1=CC=C(C(C)=O)C=C1,CC#N,65h,145,CC[Zn]CC,O=C([O-])[O-].[Cs+].[Cs+],,,O=C(O)[C@H]1CCCN1,,O=C(C(C=C1)=CC=C1OC2=CC=C(C=CC=C3)C3=C2)C,45,Acetophenone,https://doi.org/10.1002/slct.201800541,scope,2,1,0.2,0.4,2,,Scheme 3,article,ullmann,N2,
OC1=CC=CC=C1,BrC1=CC=C(C(C)=O)C=C1,CC#N,65h,145,CC[Zn]CC,O=C([O-])[O-].[Cs+].[Cs+],,,O=C(O)[C@H]1CCCN1,,O=C(C(C=C1)=CC=C1OC2=CC=CC=C2)C,32,Acetophenone,https://doi.org/10.1002/slct.201800541,scope,2,1,0.2,0.4,2,,Scheme 3,article,ullmann,N2,
OC1=CC=CC=C1,IC1=CC=C([N+]([O-])=O)C=C1,CC#N,65h,120,CC[Zn]CC,O=C([O-])[O-].[Cs+].[Cs+],,,O=C(O)[C@H]1CCCN1,,O=[N+](C(C=C1)=CC=C1OC2=CC=CC=C2)[O-],33,Nitrobenzene,https://doi.org/10.1002/slct.201800541,scope,2,1,0.2,0.4,2,,Scheme 3,article,ullmann,N2,
OC1=CC=C(C)C=C1,IC1=CC=C([N+]([O-])=O)C=C1,CC#N,65h,120,CC[Zn]CC,O=C([O-])[O-].[Cs+].[Cs+],,,O=C(O)[C@H]1CCCN1,,CC1=CC=C(OC2=CC=C([N+]([O-])=O)C=C2)C=C1,35,Nitrobenzene,https://doi.org/10.1002/slct.201800541,scope,2,1,0.2,0.4,2,,Scheme 3,article,ullmann,N2,
OC1=CC=C(OC)C=C1,IC1=CC=C([N+]([O-])=O)C=C1,CC#N,65h,120,CC[Zn]CC,O=C([O-])[O-].[Cs+].[Cs+],,,O=C(O)[C@H]1CCCN1,,O=[N+](C(C=C1)=CC=C1OC2=CC=C(OC)C=C2)[O-],43,Nitrobenzene,https://doi.org/10.1002/slct.201800541,scope,2,1,0.2,0.4,2,,Scheme 3,article,ullmann,N2,
OC1=CC=C(C=CC=C2)C2=C1,IC1=CC=C([N+]([O-])=O)C=C1,CC#N,65h,120,CC[Zn]CC,O=C([O-])[O-].[Cs+].[Cs+],,,O=C(O)[C@H]1CCCN1,,O=[N+](C(C=C1)=CC=C1OC2=CC=C(C=CC=C3)C3=C2)[O-],31,Benzonitrile,https://doi.org/10.1002/slct.201800541,scope,2,1,0.2,0.4,2,,Scheme 3,article,ullmann,N2,
OC1=CC=C(Cl)C=C1,IC1=CC=C([N+]([O-])=O)C=C1,CC#N,65h,120,CC[Zn]CC,O=C([O-])[O-].[Cs+].[Cs+],,,O=C(O)[C@H]1CCCN1,,ClC1=CC=C(OC2=CC=C([N+]([O-])=O)C=C2)C=C1,49,Benzonitrile,https://doi.org/10.1002/slct.201800541,scope,2,1,0.2,0.4,2,,scheme 3,article,ullmann,N2,
OC1=CC=CC=C1,IC1=CC=C(C#N)C=C1,CC#N,65h,145,CC[Zn]CC,O=C([O-])[O-].[Cs+].[Cs+],,,O=C(O)[C@H]1CCCN1,,N#CC(C=C1)=CC=C1OC2=CC=CC=C2,75,Benzonitrile,https://doi.org/10.1002/slct.201800541,scope,2,1,0.2,0.4,2,,Scheme 3,article,ullmann,N2,
OC1=CC=C(C)C=C1,IC1=CC=C(C#N)C=C1,CC#N,65h,145,CC[Zn]CC,O=C([O-])[O-].[Cs+].[Cs+],,,O=C(O)[C@H]1CCCN1,,CC1=CC=C(OC2=CC=C(C#N)C=C2)C=C1,86,Benzonitrile,https://doi.org/10.1002/slct.201800541,scope,2,1,0.2,0.4,2,,Scheme 3,article,ullmann,N2,
OC1=CC=C(OC)C=C1,IC1=CC=C(C#N)C=C1,CC#N,65h,145,CC[Zn]CC,O=C([O-])[O-].[Cs+].[Cs+],,,O=C(O)[C@H]1CCCN1,,N#CC(C=C1)=CC=C1OC2=CC=C(OC)C=C2,93,Benzonitrile,https://doi.org/10.1002/slct.201800541,scope,2,1,0.2,0.4,2,,Scheme 3,article,ullmann,N2,
OC1=CC=C(C=CC=C2)C2=C1,IC1=CC=C(C#N)C=C1,CC#N,65h,145,CC[Zn]CC,O=C([O-])[O-].[Cs+].[Cs+],,,O=C(O)[C@H]1CCCN1,,N#CC(C=C1)=CC=C1OC2=CC=C(C=CC=C3)C3=C2,75,Benzonitrile,https://doi.org/10.1002/slct.201800541,scope,2,1,0.2,0.4,2,,Scheme 3,article,ullmann,N2,
OC1=CC=C(Cl)C=C1,IC1=CC=C(C#N)C=C1,CC#N,65h,145,CC[Zn]CC,O=C([O-])[O-].[Cs+].[Cs+],,,O=C(O)[C@H]1CCCN1,,ClC1=CC=C(OC2=CC=C(C#N)C=C2)C=C1,63,Benzonitrile,https://doi.org/10.1002/slct.201800541,scope,2,1,0.2,0.4,2,,Scheme 3,article,ullmann,N2,
OC1=C(C)C=CC=C1,IC1=CC=C(C#N)C=C1,CC#N,65h,145,CC[Zn]CC,O=C([O-])[O-].[Cs+].[Cs+],,,O=C(O)[C@H]1CCCN1,,CC1=C(OC2=CC=C(C#N)C=C2)C=CC=C1,81,Benzonitrile,https://doi.org/10.1002/slct.201800541,scope,2,1,0.2,0.4,2,,Scheme 3,article,ullmann,N2,
OC1=CC(C)=CC=C1,IC1=CC=C(C#N)C=C1,CC#N,65h,145,CC[Zn]CC,O=C([O-])[O-].[Cs+].[Cs+],,,O=C(O)[C@H]1CCCN1,,CC1=CC=CC(OC2=CC=C(C#N)C=C2)=C1,70,Benzonitrile,https://doi.org/10.1002/slct.201800541,scope,2,1,0.2,0.4,2,,Scheme 3,article,ullmann,N2,
ClC1=C(O)C=CC=C1,IC1=CC=C(C#N)C=C1,CC#N,65h,145,CC[Zn]CC,O=C([O-])[O-].[Cs+].[Cs+],,,O=C(O)[C@H]1CCCN1,,ClC1=C(OC2=CC=C(C#N)C=C2)C=CC=C1,50,Benzonitrile,https://doi.org/10.1002/slct.201800541,scope,2,1,0.2,0.4,2,,Scheme 3,article,ullmann,N2,
OC1=CN=CC=C1,IC1=CC=C(C#N)C=C1,CC#N,65h,145,CC[Zn]CC,O=C([O-])[O-].[Cs+].[Cs+],,,O=C(O)[C@H]1CCCN1,,N#CC(C=C1)=CC=C1OC2=CN=CC=C2.OC3=CN=CC=C3,73,Benzonitrile,https://doi.org/10.1002/slct.201800541,scope,2,1,0.2,0.4,2,,Scheme 3,article,ullmann,N2,
