,substrate,coupling_partner,Solvent,Time,temperature,catalyst_precursor,reagent,ligand,PRODUCT,isolated_yield,DOI,origin,eq_substrate,eq_coupling_partner,eq_catalyst,eq_ligand,eq_reagent,scheme_table,review,Mechanism,substrate_class,coupling_partner_class,reaction_condition,Unnamed: 23
0,C#CC1=CC=CC=C1,IC1=CC=C(C(C)=O)C=C1,CN(C=O)C,60h,130,[Cu]I,[O-]P([O-])([O-])=O.[K+].[K+].[K+],N[C@H]1[C@H](N)CCCC1,O=C(C2=CC=C(C=C2)C#CC1=CC=CC=C1)C,30,https://doi.org/10.1002/slct.201600894,optimization,1.2,1.0,0.2,0.6,2.0,table.1,Research_Article,sonogashira,aryl acetylene,acetophenone,N2,
1,C#CC1=CC=CC=C1,IC1=CC=C(C(C)=O)C=C1,COC,60h,130,[Cu]I,[O-]P([O-])([O-])=O.[K+].[K+].[K+],N[C@H]1[C@H](N)CCCC1,O=C(C2=CC=C(C=C2)C#CC1=CC=CC=C1)C,0,https://doi.org/10.1002/slct.201600894,optimization,1.2,1.0,0.2,0.6,2.0,table.1,Research_Article,sonogashira,aryl acetylene,acetophenone,N2,
2,C#CC1=CC=CC=C1,IC1=CC=C(C(C)=O)C=C1,CC1=CC=CC=C1,60h,130,[Cu]I,[O-]P([O-])([O-])=O.[K+].[K+].[K+],N[C@H]1[C@H](N)CCCC1,O=C(C2=CC=C(C=C2)C#CC1=CC=CC=C1)C,78,https://doi.org/10.1002/slct.201600894,optimization,1.2,1.0,0.2,0.6,2.0,table.1,Research_Article,sonogashira,aryl acetylene,acetophenone,N2,
3,C#CC1=CC=CC=C1,IC1=CC=C(C(C)=O)C=C1,O1CCCC1,60h,130,[Cu]I,[O-]P([O-])([O-])=O.[K+].[K+].[K+],N[C@H]1[C@H](N)CCCC1,O=C(C2=CC=C(C=C2)C#CC1=CC=CC=C1)C,0,https://doi.org/10.1002/slct.201600894,optimization,1.2,1.0,0.2,0.6,2.0,table.1,Research_Article,sonogashira,aryl acetylene,acetophenone,N2,
4,C#CC1=CC=CC=C1,IC1=CC=C(C(C)=O)C=C1,CC#N,60h,130,[Cu]I,[O-]P([O-])([O-])=O.[K+].[K+].[K+],N[C@H]1[C@H](N)CCCC1,O=C(C2=CC=C(C=C2)C#CC1=CC=CC=C1)C,50,https://doi.org/10.1002/slct.201600894,optimization,1.2,1.0,0.2,0.6,2.0,table.1,Research_Article,sonogashira,aryl acetylene,acetophenone,N2,
5,C#CC1=CC=CC=C1,IC1=CC=C(C(C)=O)C=C1,C1COCCO1,60h,130,[Cu]I,[O-]P([O-])([O-])=O.[K+].[K+].[K+],N[C@H]1[C@H](N)CCCC1,O=C(C2=CC=C(C=C2)C#CC1=CC=CC=C1)C,98,https://doi.org/10.1002/slct.201600894,optimization,1.2,1.0,0.2,0.6,2.0,table.1,Research_Article,sonogashira,aryl acetylene,acetophenone,N2,
6,C#CC1=CC=CC=C1,IC1=CC=C(C(C)=O)C=C1,CS(C)=O,60h,130,[Cu]I,[O-]P([O-])([O-])=O.[K+].[K+].[K+],N[C@H]1[C@H](N)CCCC1,O=C(C2=CC=C(C=C2)C#CC1=CC=CC=C1)C,82,https://doi.org/10.1002/slct.201600894,optimization,1.2,1.0,0.2,0.6,2.0,table.1,Research_Article,sonogashira,aryl acetylene,acetophenone,N2,
7,C#CC1=CC=CC=C1,IC1=CC=C(C(C)=O)C=C1,CC(C)(O)C,60h,130,[Cu]I,[O-]P([O-])([O-])=O.[K+].[K+].[K+],N[C@H]1[C@H](N)CCCC1,O=C(C2=CC=C(C=C2)C#CC1=CC=CC=C1)C,36,https://doi.org/10.1002/slct.201600894,optimization,1.2,1.0,0.2,0.6,2.0,table.1,Research_Article,sonogashira,aryl acetylene,acetophenone,N2,
8,C#CC1=CC=CC=C1,IC1=CC=C(C(C)=O)C=C1,CS(C)=O,60h,130,[Cu]I,O=C([O-])[O-].[K+].[K+],N[C@H]1[C@H](N)CCCC1,O=C(C2=CC=C(C=C2)C#CC1=CC=CC=C1)C,70,https://doi.org/10.1002/slct.201600894,optimization,1.2,1.0,0.2,0.6,2.0,table.1,Research_Article,sonogashira,aryl acetylene,acetophenone,N2,
10,C#CC1=CC=CC=C1,IC1=CC=C(C(C)=O)C=C1,CS(C)=O,60h,130,[Cu]I,O=C([O-])[O-].[Cs+].[Cs+],N[C@H]1[C@H](N)CCCC1,O=C(C2=CC=C(C=C2)C#CC1=CC=CC=C1)C,75,https://doi.org/10.1002/slct.201600894,optimization,1.2,1.0,0.2,0.6,2.0,table.1,Research_Article,sonogashira,aryl acetylene,acetophenone,N2,
12,C#CC1=CC=CC=C1,IC1=CC=C(C(C)=O)C=C1,CS(C)=O,60h,130,[Cu]I,CCN(CC)CC,N[C@H]1[C@H](N)CCCC1,O=C(C2=CC=C(C=C2)C#CC1=CC=CC=C1)C,1,https://doi.org/10.1002/slct.201600894,optimization,1.2,1.0,0.2,0.6,2.0,table.1,Research_Article,sonogashira,aryl acetylene,acetophenone,N2,
15,C#CC1=CC=CC=C1,IC1=CC=C(C(C)=O)C=C1,CS(C)=O,60h,130,[Cu]I,[O-]P([O-])([O-])=O.[K+].[K+].[K+],N[C@H]1[C@H](N)CCCC1,O=C(C2=CC=C(C=C2)C#CC1=CC=CC=C1)C,1,https://doi.org/10.1002/slct.201600894,optimization,1.2,1.0,0.2,0.6,2.0,table.1,Research_Article,sonogashira,aryl acetylene,acetophenone,N2,
16,C#CC1=CC=CC=C1,IC1=CC=C(C(C)=O)C=C1,CS(C)=O,60h,130,[Cu]I,[O-]P([O-])([O-])=O.[K+].[K+].[K+],N[C@H]1[C@H](N)CCCC1,O=C(C2=CC=C(C=C2)C#CC1=CC=CC=C1)C,87,https://doi.org/10.1002/slct.201600894,optimization,1.2,1.0,0.2,0.6,2.0,table.2,Research_Article,sonogashira,aryl acetylene,acetophenone,N2,
17,C#CC1=CC=CC=C1,IC1=CC=C(C(C)=O)C=C1,CS(C)=O,60h,130,[Cu]I,[O-]P([O-])([O-])=O.[K+].[K+].[K+],N[C@H]1[C@H](N)CCCC1,O=C(C2=CC=C(C=C2)C#CC1=CC=CC=C1)C,92,https://doi.org/10.1002/slct.201600894,optimization,1.2,1.0,0.2,0.4,2.0,table.2,Research_Article,sonogashira,aryl acetylene,acetophenone,N2,
18,C#CC1=CC=CC=C1,IC1=CC=C(C(C)=O)C=C1,CS(C)=O,60h,130,[Cu]I,[O-]P([O-])([O-])=O.[K+].[K+].[K+],N[C@H]1[C@H](N)CCCC1,O=C(C2=CC=C(C=C2)C#CC1=CC=CC=C1)C,98,https://doi.org/10.1002/slct.201600894,optimization,1.2,1.0,0.1,0.2,2.0,table.2,Research_Article,sonogashira,aryl acetylene,acetophenone,N2,
19,C#CC1=CC=CC=C1,IC1=CC=C(C(C)=O)C=C1,CS(C)=O,60h,130,[Cu]I,[O-]P([O-])([O-])=O.[K+].[K+].[K+],N[C@H]1[C@H](N)CCCC1,O=C(C2=CC=C(C=C2)C#CC1=CC=CC=C1)C,88,https://doi.org/10.1002/slct.201600894,optimization,1.2,1.0,0.05,0.1,2.0,table.2,Research_Article,sonogashira,aryl acetylene,acetophenone,N2,
20,C#CC1=CC=CC=C1,IC1=CC=C(C(C)=O)C=C1,CS(C)=O,60h,130,[Cu]I,[O-]P([O-])([O-])=O.[K+].[K+].[K+],N[C@H]1[C@H](N)CCCC1,O=C(C2=CC=C(C=C2)C#CC1=CC=CC=C1)C,65,https://doi.org/10.1002/slct.201600894,optimization,1.2,1.0,0.1,0.1,2.0,table.2,Research_Article,sonogashira,aryl acetylene,acetophenone,N2,
23,C#CC1=CC=CC=C1,IC1=CC=CC=C1,CS(C)=O,60h,130,[Cu]I,[O-]P([O-])([O-])=O.[K+].[K+].[K+],N[C@H]1[C@H](N)CCCC1,C1(C#CC2=CC=CC=C2)=CC=CC=C1,99,https://doi.org/10.1002/slct.201600894,scope,1.2,1.0,0.1,0.2,2.0,table.3,Research_Article,sonogashira,aryl acetylene,benzene,N2,
24,C#CC1=CC=CC=C1,IC1=CC=C(C)C=C1,CS(C)=O,60h,130,[Cu]I,[O-]P([O-])([O-])=O.[K+].[K+].[K+],N[C@H]1[C@H](N)CCCC1,COC2=CC=C(C=C2)C#CC1=CC=CC=C1,96,https://doi.org/10.1002/slct.201600894,scope,1.2,1.0,0.1,0.2,2.0,table.3,Research_Article,sonogashira,aryl acetylene,toluene,N2,
26,COC1=CC=C(C#C)C=C1,IC1=CC=CC=C1,CS(C)=O,60h,130,[Cu]I,[O-]P([O-])([O-])=O.[K+].[K+].[K+],N[C@H]1[C@H](N)CCCC1,COC2=CC=C(C=C2)C#CC1=CC=CC=C1,83,https://doi.org/10.1002/slct.201600894,scope,1.2,1.0,0.1,0.2,2.0,table.3,Research_Article,sonogashira,ethynylmethoxybenzene,benzene,N2,
35,C#CC1=CC=CC=C1,IC1=CC=C(C(C)=O)C=C1,CS(C)=O,40h,130,[Cu]I,[O-]P([O-])([O-])=O.[K+].[K+].[K+],N[C@H]1[C@H](N)CCCC1,O=C(C2=CC=C(C=C2)C#CC1=CC=CC=C1)C,64,https://doi.org/10.1002/slct.201600894,optimization,1.2,1.0,0.2,0.6,2.0,S1,Research_Article,sonogashira,aryl acetylene,acetophenone,N2,
36,C#CC1=CC=CC=C1,IC1=CC=C(C(C)=O)C=C1,CS(C)=O,50h,130,[Cu]I,[O-]P([O-])([O-])=O.[K+].[K+].[K+],N[C@H]1[C@H](N)CCCC1,O=C(C2=CC=C(C=C2)C#CC1=CC=CC=C1)C,72,https://doi.org/10.1002/slct.201600894,optimization,1.2,1.0,0.2,0.6,2.0,S1,Research_Article,sonogashira,aryl acetylene,acetophenone,N2,
37,C#CC1=CC=CC=C1,IC1=CC=C(C(C)=O)C=C1,CS(C)=O,60h,80,[Cu]I,[O-]P([O-])([O-])=O.[K+].[K+].[K+],N[C@H]1[C@H](N)CCCC1,O=C(C2=CC=C(C=C2)C#CC1=CC=CC=C1)C,60,https://doi.org/10.1002/slct.201600894,optimization,1.2,1.0,0.2,0.6,2.0,S1,Research_Article,sonogashira,aryl acetylene,acetophenone,N2,
38,C#CC1=CC=CC=C1,IC1=CC=C(C(C)=O)C=C1,CS(C)=O,60h,130,[Cu]I,[O-]P([O-])([O-])=O.[K+].[K+].[K+],N[C@H]1[C@H](N)CCCC1,O=C(C2=CC=C(C=C2)C#CC1=CC=CC=C1)C,98,https://doi.org/10.1002/slct.201600894,optimization,1.2,1.0,0.2,0.6,2.0,S1,Research_Article,sonogashira,aryl acetylene,acetophenone,O2,
81,COC1=CC=C(C#C)C=C1,BrC#CC1=CC=CC=C1,CCO,20h,120,[Cu]I,C(=O)([O-])[O-].[K+].[K+]  ,OC(C1CCCN1)=O,COC1=CC=C(C#CC#CC2=CC=CC=C2)C=C1,20,https://doi.org/10.1080/00397911.2018.1554142,optimization,1.1,1.0,0.2,,2.0,Table 1,article,cadiot,ethynylmethoxybenzene,acetylene,N2,
82,COC1=CC=C(C#C)C=C1,BrC#CC1=CC=CC=C1,CCO,20h,120,[Cu]I,C(=O)([O-])[O-].[K+].[K+] ,N1(CC2)CCN2CC1,COC1=CC=C(C#CC#CC2=CC=CC=C2)C=C1,39,https://doi.org/10.1080/00397911.2018.1554142,optimization,1.1,1.0,0.2,,2.0,Table 1,article,cadiot,ethynylmethoxybenzene,acetylene,N2,
83,COC1=CC=C(C#C)C=C1,BrC#CC1=CC=CC=C1,CCO,20h,120,[Cu]I,C(=O)([O-])[O-].[K+].[K+] ,NCCN,COC1=CC=C(C#CC#CC2=CC=CC=C2)C=C1,1,https://doi.org/10.1080/00397911.2018.1554142,optimization,1.1,1.0,0.2,,2.0,Table 1,article,cadiot,ethynylmethoxybenzene,acetylene,N2,
84,COC1=CC=C(C#C)C=C1,BrC#CC1=CC=CC=C1,CCO,20h,120,[Cu]I,C(=O)([O-])[O-].[K+].[K+] ,CNCCNC,COC1=CC=C(C#CC#CC2=CC=CC=C2)C=C1,1,https://doi.org/10.1080/00397911.2018.1554142,optimization,1.1,1.0,0.2,,2.0,Table 1,article,cadiot,ethynylmethoxybenzene,acetylene,N2,
86,COC1=CC=C(C#C)C=C1,BrC#CC1=CC=CC=C1,CCO,20h,120,[Cu]I,C(=O)([O-])[O-].[K+].[K+] ,OC2=CC=CC1=CC=CN=C12,COC1=CC=C(C#CC#CC2=CC=CC=C2)C=C1,1,https://doi.org/10.1080/00397911.2018.1554142,optimization,1.1,1.0,0.2,,2.0,Table 1,article,cadiot,ethynylmethoxybenzene,acetylene,N2,
87,COC1=CC=C(C#C)C=C1,BrC#CC1=CC=CC=C1,CCO,20h,120,[Cu]I,C(=O)([O-])[O-].[K+].[K+] ,O[C@H]1[C@H](O)CCCC1,COC1=CC=C(C#CC#CC2=CC=CC=C2)C=C1,65,https://doi.org/10.1080/00397911.2018.1554142,optimization,1.1,1.0,0.2,,2.0,Table 1,article,cadiot,ethynylmethoxybenzene,acetylene,N2,
89,COC1=CC=C(C#C)C=C1,BrC#CC1=CC=CC=C1,CCO,20h,120,[Cu]I,C(=O)([O-])[O-].[K+].[K+] ,C12=CC=C3C(N=CC=C3)=C1N=CC=C2,COC1=CC=C(C#CC#CC2=CC=CC=C2)C=C1,82,https://doi.org/10.1080/00397911.2018.1554142,optimization,1.1,1.0,0.2,,2.0,Table 1,article,cadiot,ethynylmethoxybenzene,acetylene,N2,
127,CC1=CC=C(C#C)C=C1,BrC#CC1=CC=CC=C1,CCO,24h,125,CC[Zn]CC,C(=O)([O-])[O-].[K+].[K+]  ,O[C@H]1[C@H](O)CCCC1,CC1=CC=C(C#CC#CC2=CC=CC=C2)C=C1,43,https://doi.org/10.1016/j.mcat.2017.07.021,optimization,1.2,1.0,0.2,0.4,2.0,Table 1,article,cadiot,ethynylmethylbenzene,acetylene,N2,
129,CC1=CC=C(C#C)C=C1,BrC#CC1=CC=CC=C1,CCO,24h,125,CC[Zn]CC,C(=O)([O-])[O-].[K+].[K+]  ,OC2=CC=CC1=CC=CN=C12,CC1=CC=C(C#CC#CC2=CC=CC=C2)C=C1,25,https://doi.org/10.1016/j.mcat.2017.07.021,optimization,1.2,1.0,0.2,0.4,2.0,Scheme 2,article,cadiot,ethynylmethylbenzene,acetylene,N2,
130,CC1=CC=C(C#C)C=C1,BrC#CC1=CC=CC=C1,CCO,24h,125,CC[Zn]CC,C(=O)([O-])[O-].[K+].[K+]  ,NCCN,CC1=CC=C(C#CC#CC2=CC=CC=C2)C=C1,7,https://doi.org/10.1016/j.mcat.2017.07.021,optimization,1.2,1.0,0.2,0.4,2.0,Scheme 2,article,cadiot,ethynylmethylbenzene,acetylene,N2,
131,CC1=CC=C(C#C)C=C1,BrC#CC1=CC=CC=C1,CCO,24h,125,CC[Zn]CC,C(=O)([O-])[O-].[K+].[K+]  ,N1(CC2)CCN2CC1,CC1=CC=C(C#CC#CC2=CC=CC=C2)C=C1,34,https://doi.org/10.1016/j.mcat.2017.07.021,optimization,1.2,1.0,0.2,0.4,2.0,Scheme 2,article,cadiot,ethynylmethylbenzene,acetylene,N2,
132,CC1=CC=C(C#C)C=C1,BrC#CC1=CC=CC=C1,CCO,24h,125,CC[Zn]CC,C(=O)([O-])[O-].[K+].[K+]  ,OC(C1CCCN1)=O,CC1=CC=C(C#CC#CC2=CC=CC=C2)C=C1,67,https://doi.org/10.1016/j.mcat.2017.07.021,optimization,1.2,1.0,0.2,0.4,2.0,Scheme 2,article,cadiot,ethynylmethylbenzene,acetylene,N2,
133,CC1=CC=C(C#C)C=C1,BrC#CC1=CC=CC=C1,CCO,24h,125,CC[Zn]CC,C(=O)([O-])[O-].[K+].[K+]  ,C12=CC=C3C(N=CC=C3)=C1N=CC=C2,CC1=CC=C(C#CC#CC2=CC=CC=C2)C=C1,29,https://doi.org/10.1016/j.mcat.2017.07.021,optimization,1.2,1.0,0.2,0.4,2.0,Scheme 2,article,cadiot,ethynylmethylbenzene,acetylene,N2,
135,CC1=CC=C(C#C)C=C1,BrC#CC1=CC=CC=C1,CCO,24h,125,CC[Zn]CC,C(=O)([O-])[O-].[K+].[K+]  ,CNCCNC,CC1=CC=C(C#CC#CC2=CC=CC=C2)C=C1,26,https://doi.org/10.1016/j.mcat.2017.07.021,optimization,1.2,1.0,0.2,0.4,2.0,Scheme 2,article,cadiot,ethynylmethylbenzene,acetylene,N2,
136,CC1=CC=C(C#C)C=C1,BrC#CC1=CC=CC=C1,CCO,24h,125,CC[Zn]CC,C(=O)([O-])[O-].[K+].[K+]  ,N[C@H]1[C@H](N)CCCC1,CC1=CC=C(C#CC#CC2=CC=CC=C2)C=C1,26,https://doi.org/10.1016/j.mcat.2017.07.021,optimization,1.2,1.0,0.2,0.4,2.0,Scheme 2,article,cadiot,ethynylmethylbenzene,acetylene,N2,
137,CC1=CC=C(C#C)C=C1,BrC#CC1=CC=CC=C1,COC,24h,125,CC[Zn]CC,C(=O)([O-])[O-].[K+].[K+]  ,OC(C1CCCN1)=O,CC1=CC=C(C#CC#CC2=CC=CC=C2)C=C1,10,https://doi.org/10.1016/j.mcat.2017.07.021,optimization,1.2,1.0,0.2,0.4,2.0,Table 2,article,cadiot,ethynylmethylbenzene,acetylene,N2,
138,CC1=CC=C(C#C)C=C1,BrC#CC1=CC=CC=C1,C1COCCO1,24h,125,CC[Zn]CC,C(=O)([O-])[O-].[K+].[K+]  ,OC(C1CCCN1)=O,CC1=CC=C(C#CC#CC2=CC=CC=C2)C=C1,29,https://doi.org/10.1016/j.mcat.2017.07.021,optimization,1.2,1.0,0.2,0.4,2.0,Table 2,article,cadiot,ethynylmethylbenzene,acetylene,N2,
140,CC1=CC=C(C#C)C=C1,BrC#CC1=CC=CC=C1,O1CCCC1,24h,125,CC[Zn]CC,C(=O)([O-])[O-].[K+].[K+]  ,OC(C1CCCN1)=O,CC1=CC=C(C#CC#CC2=CC=CC=C2)C=C1,27,https://doi.org/10.1016/j.mcat.2017.07.021,optimization,1.2,1.0,0.2,0.4,2.0,Table 2,article,cadiot,ethynylmethylbenzene,acetylene,N2,
141,CC1=CC=C(C#C)C=C1,BrC#CC1=CC=CC=C1,COC,24h,125,CC[Zn]CC,C(=O)([O-])[O-].[K+].[K+]  ,OC(C1CCCN1)=O,CC1=CC=C(C#CC#CC2=CC=CC=C2)C=C1,1,https://doi.org/10.1016/j.mcat.2017.07.021,optimization,1.2,1.0,0.2,0.4,2.0,Table 2,article,cadiot,ethynylmethylbenzene,acetylene,N2,
142,CC1=CC=C(C#C)C=C1,BrC#CC1=CC=CC=C1,CS(C)=O,24h,125,CC[Zn]CC,C(=O)([O-])[O-].[K+].[K+]  ,OC(C1CCCN1)=O,CC1=CC=C(C#CC#CC2=CC=CC=C2)C=C1,1,https://doi.org/10.1016/j.mcat.2017.07.021,optimization,1.2,1.0,0.2,0.4,2.0,Table 2,article,cadiot,ethynylmethylbenzene,acetylene,N2,
143,CC1=CC=C(C#C)C=C1,BrC#CC1=CC=CC=C1,CC1=CC=CC=C1,24h,125,CC[Zn]CC,C(=O)([O-])[O-].[K+].[K+]  ,OC(C1CCCN1)=O,CC1=CC=C(C#CC#CC2=CC=CC=C2)C=C1,27,https://doi.org/10.1016/j.mcat.2017.07.021,optimization,1.2,1.0,0.2,0.4,2.0,Table 2,article,cadiot,ethynylmethylbenzene,acetylene,N2,
144,CC1=CC=C(C#C)C=C1,BrC#CC1=CC=CC=C1,CC(C)(O)C,24h,125,CC[Zn]CC,C(=O)([O-])[O-].[K+].[K+]  ,OC(C1CCCN1)=O,CC1=CC=C(C#CC#CC2=CC=CC=C2)C=C1,34,https://doi.org/10.1016/j.mcat.2017.07.021,optimization,1.2,1.0,0.2,0.4,2.0,Table 2,article,cadiot,ethynylmethylbenzene,acetylene,N2,
147,CC1=CC=C(C#C)C=C1,BrC#CC1=CC=CC=C1,CC#N,24h,125,CC[Zn]CC,C(=O)([O-])[O-].[K+].[K+]  ,OC(C1CCCN1)=O,CC1=CC=C(C#CC#CC2=CC=CC=C2)C=C1,31,https://doi.org/10.1016/j.mcat.2017.07.021,optimization,1.2,1.0,0.2,0.4,2.0,Table 2,article,cadiot,ethynylmethylbenzene,acetylene,N2,
149,CC1=CC=C(C#C)C=C1,BrC#CC1=CC=CC=C1,CCO,24h,125,CC[Zn]CC,C(=O)([O-])[O-].[Cs+].[Cs+]  ,OC(C1CCCN1)=O,CC1=CC=C(C#CC#CC2=CC=CC=C2)C=C1,71,https://doi.org/10.1016/j.mcat.2017.07.021,optimization,1.2,1.0,0.2,0.4,2.0,Table 2,article,cadiot,ethynylmethylbenzene,acetylene,N2,
150,CC1=CC=C(C#C)C=C1,BrC#CC1=CC=CC=C1,CCO,24h,125,CC[Zn]CC,CCN(CC)CC,OC(C1CCCN1)=O,CC1=CC=C(C#CC#CC2=CC=CC=C2)C=C1,17,https://doi.org/10.1016/j.mcat.2017.07.021,optimization,1.2,1.0,0.2,0.4,2.0,Table 2,article,cadiot,ethynylmethylbenzene,acetylene,N2,
153,CC1=CC=C(C#C)C=C1,BrC#CC1=CC=CC=C1,CCO,24h,25,CC[Zn]CC,C(=O)([O-])[O-].[Cs+].[Cs+]  ,OC(C1CCCN1)=O,CC1=CC=C(C#CC#CC2=CC=CC=C2)C=C1,0,https://doi.org/10.1016/j.mcat.2017.07.021,optimization,1.2,1.0,0.2,0.4,2.0,Table 2,article,cadiot,ethynylmethylbenzene,acetylene,N2,
154,CC1=CC=C(C#C)C=C1,BrC#CC1=CC=CC=C1,CCO,24h,80,CC[Zn]CC,C(=O)([O-])[O-].[Cs+].[Cs+]  ,OC(C1CCCN1)=O,CC1=CC=C(C#CC#CC2=CC=CC=C2)C=C1,0,https://doi.org/10.1016/j.mcat.2017.07.021,optimization,1.2,1.0,0.2,0.4,2.0,Table 2,article,cadiot,ethynylmethylbenzene,acetylene,N2,
155,CC1=CC=C(C#C)C=C1,BrC#CC1=CC=CC=C1,CCO,48h,125,CC[Zn]CC,C(=O)([O-])[O-].[Cs+].[Cs+]  ,OC(C1CCCN1)=O,CC1=CC=C(C#CC#CC2=CC=CC=C2)C=C1,74,https://doi.org/10.1016/j.mcat.2017.07.021,optimization,1.2,1.0,0.2,0.4,2.0,Table 2,article,cadiot,ethynylmethylbenzene,acetylene,N2,
156,CC1=CC=C(C#C)C=C1,BrC#CC1=CC=CC=C1,CCO,57h,125,CC[Zn]CC,C(=O)([O-])[O-].[Cs+].[Cs+]  ,OC(C1CCCN1)=O,CC1=CC=C(C#CC#CC2=CC=CC=C2)C=C1,34,https://doi.org/10.1016/j.mcat.2017.07.021,optimization,1.2,1.0,0.2,0.4,2.0,Table 2,article,cadiot,ethynylmethylbenzene,acetylene,N2,
157,CC1=CC=C(C#C)C=C1,BrC#CC1=CC=CC=C1,CCO,24h,125,CC[Zn]CC,C(=O)([O-])[O-].[Cs+].[Cs+]  ,OC(C1CCCN1)=O,CC1=CC=C(C#CC#CC2=CC=CC=C2)C=C1,50,https://doi.org/10.1016/j.mcat.2017.07.021,optimization,1.2,1.0,0.2,0.4,1.0,Table 2,article,cadiot,ethynylmethylbenzene,acetylene,N2,
161,CC1=CC=C(C#C)C=C1,BrC#CC1=CC=CC=C1,CCO,24h,125,CC[Zn]CC,C(=O)([O-])[O-].[Cs+].[Cs+]  ,OC(C1CCCN1)=O,CC1=CC=C(C#CC#CC2=CC=CC=C2)C=C1,1,https://doi.org/10.1016/j.mcat.2017.07.021,optimization,1.2,1.0,0.2,0.4,2.0,Table 2,article,cadiot,ethynylmethylbenzene,acetylene,,
162,CC1=CC=C(C#C)C=C1,BrC#CC1=CC=CC=C1,CCO,24h,125,CC[Zn]CC,C(=O)([O-])[O-].[Cs+].[Cs+]  ,OC(C1CCCN1)=O,CC1=CC=C(C#CC#CC2=CC=CC=C2)C=C1,74,https://doi.org/10.1016/j.mcat.2017.07.021,optimization,1.2,1.0,0.25,0.5,2.0,Table 2,article,cadiot,ethynylmethylbenzene,acetylene,N2,
163,CC1=CC=C(C#C)C=C1,BrC#CC1=CC=CC=C1,CCO,24h,125,CC[Zn]CC,C(=O)([O-])[O-].[Cs+].[Cs+]  ,OC(C1CCCN1)=O,CC1=CC=C(C#CC#CC2=CC=CC=C2)C=C1,34,https://doi.org/10.1016/j.mcat.2017.07.021,optimization,1.2,1.0,0.3,0.6,2.0,Table 2,article,cadiot,ethynylmethylbenzene,acetylene,N2,
164,CC1=CC=C(C#C)C=C1,BrC#CC1=CC=CC=C1,CCO,24h,125,CC[Zn]CC,C(=O)([O-])[O-].[Cs+].[Cs+]  ,OC(C1CCCN1)=O,CC1=CC=C(C#CC#CC2=CC=CC=C2)C=C1,60,https://doi.org/10.1016/j.mcat.2017.07.021,optimization,1.2,1.0,0.15,0.3,2.0,Table 2,article,cadiot,ethynylmethylbenzene,acetylene,N2,
165,CC1=CC=C(C#C)C=C1,BrC#CC1=CC=CC=C1,CCO,24h,125,CC[Zn]CC,C(=O)([O-])[O-].[Cs+].[Cs+]  ,OC(C1CCCN1)=O,CC1=CC=C(C#CC#CC2=CC=CC=C2)C=C1,55,https://doi.org/10.1016/j.mcat.2017.07.021,optimization,1.2,1.0,0.2,0.2,2.0,Table 2,article,cadiot,ethynylmethylbenzene,acetylene,N2,
166,CC1=CC=C(C#C)C=C1,BrC#CC1=CC=CC=C1,CCO,24h,125,CC[Zn]CC,C(=O)([O-])[O-].[Cs+].[Cs+]  ,OC(C1CCCN1)=O,CC1=CC=C(C#CC#CC2=CC=CC=C2)C=C1,33,https://doi.org/10.1016/j.mcat.2017.07.021,optimization,1.2,1.0,0.2,0.1,2.0,Table 2,article,cadiot,ethynylmethylbenzene,acetylene,N2,
167,CC1=CC=C(C#C)C=C1,BrC#CC1=CC=CC=C1,CCO,24h,125,CC[Zn]CC,C(=O)([O-])[O-].[Cs+].[Cs+]  ,OC(C1CCCN1)=O,COC1=CC=C(C#CC#CC2=CC=CC=C2)C=C1,43,https://doi.org/10.1016/j.mcat.2017.07.021,scope,1.2,1.0,0.2,0.1,2.0,Table 2,article,cadiot,ethynylmethylbenzene,acetylene,N2,
173,C#CC1=CC=CC=C1,BrC#CC1=CC=C(C)C=C1,CCO,24h,125,CC[Zn]CC,C(=O)([O-])[O-].[Cs+].[Cs+]  ,OC(C1CCCN1)=O,CC1=CC=C(C#CC#CC2=CC=CC=C2)C=C1,53,https://doi.org/10.1016/j.mcat.2017.07.021,scope,1.2,1.0,0.2,0.1,2.0,Table 2,article,cadiot,aryl acetylene,acetylene,N2,
181,C#CC1=CC=CC=C1,IC1=CC=C(C(C)=O)C=C1,O1CCOCC1,48h,125,CC[Zn]CC,[O-]P([O-])([O-])=O.[K+].[K+].[K+],OC(C1CCCN1)=O,O=C(C2=CC=C(C=C2)C#CC1=CC=CC=C1)C,8,https://doi.org/10.1016/j.tetlet.2015.08.027,optimization,1.0,1.1,0.05,0.1,2.0,Table 1,article,cadiot,aryl acetylene,acetophenone,N2,
182,C#CC1=CC=CC=C1,IC1=CC=C(C(C)=O)C=C1,O1CCOCC1,48h,125,CC[Zn]CC,[O-]P([O-])([O-])=O.[K+].[K+].[K+],OC2=CC=CC1=CC=CN=C12,O=C(C2=CC=C(C=C2)C#CC1=CC=CC=C1)C,0,https://doi.org/10.1016/j.tetlet.2015.08.027,optimization,1.0,1.1,0.05,0.1,2.0,Table 1,article,cadiot,aryl acetylene,acetophenone,N2,
183,C#CC1=CC=CC=C1,IC1=CC=C(C(C)=O)C=C1,O1CCOCC1,48h,125,CC[Zn]CC,[O-]P([O-])([O-])=O.[K+].[K+].[K+],NCCN,O=C(C2=CC=C(C=C2)C#CC1=CC=CC=C1)C,12,https://doi.org/10.1016/j.tetlet.2015.08.027,optimization,1.0,1.1,0.05,0.1,2.0,Table 1,article,cadiot,aryl acetylene,acetophenone,N2,
184,C#CC1=CC=CC=C1,IC1=CC=C(C(C)=O)C=C1,O1CCOCC1,48h,125,CC[Zn]CC,[O-]P([O-])([O-])=O.[K+].[K+].[K+],CNCCNC,O=C(C2=CC=C(C=C2)C#CC1=CC=CC=C1)C,75,https://doi.org/10.1016/j.tetlet.2015.08.027,optimization,1.0,1.1,0.05,0.1,2.0,Table 1,article,cadiot,aryl acetylene,acetophenone,N2,
185,C#CC1=CC=CC=C1,IC1=CC=C(C(C)=O)C=C1,O1CCOCC1,48h,125,CC[Zn]CC,[O-]P([O-])([O-])=O.[K+].[K+].[K+],C12=CC=C3C(N=CC=C3)=C1N=CC=C2,O=C(C2=CC=C(C=C2)C#CC1=CC=CC=C1)C,23,https://doi.org/10.1016/j.tetlet.2015.08.027,optimization,1.0,1.1,0.05,0.1,2.0,Table 1,article,cadiot,aryl acetylene,acetophenone,N2,
186,C#CC1=CC=CC=C1,IC1=CC=C(C(C)=O)C=C1,O1CCOCC1,48h,125,CC[Zn]CC,[O-]P([O-])([O-])=O.[K+].[K+].[K+],N[C@H]1[C@H](N)CCCC1,O=C(C2=CC=C(C=C2)C#CC1=CC=CC=C1)C,66,https://doi.org/10.1016/j.tetlet.2015.08.027,optimization,1.0,1.1,0.05,0.1,2.0,Table 1,article,cadiot,aryl acetylene,acetophenone,N2,
187,C#CC1=CC=CC=C1,IC1=CC=C(C(C)=O)C=C1,O1CCOCC1,48h,125,CC[Zn]CC,[O-]P([O-])([O-])=O.[K+].[K+].[K+],O[C@H]1[C@H](O)CCCC1,O=C(C2=CC=C(C=C2)C#CC1=CC=CC=C1)C,0,https://doi.org/10.1016/j.tetlet.2015.08.027,optimization,1.0,1.1,0.05,0.1,2.0,Table 2,article,cadiot,aryl acetylene,acetophenone,N2,
188,C#CC1=CC=CC=C1,IC1=CC=C(C(C)=O)C=C1,O1CCOCC1,48h,125,CC[Zn]CC,O=C([O-])[O-].[K+].[K+],CNCCNC,O=C(C2=CC=C(C=C2)C#CC1=CC=CC=C1)C,60,https://doi.org/10.1016/j.tetlet.2015.08.027,optimization,1.0,1.1,0.05,0.1,2.0,Table 2,article,cadiot,aryl acetylene,acetophenone,N2,
189,C#CC1=CC=CC=C1,IC1=CC=C(C(C)=O)C=C1,O1CCOCC1,48h,125,CC[Zn]CC,O=C([O-])[O-].[Cs+].[Cs+],CNCCNC,O=C(C2=CC=C(C=C2)C#CC1=CC=CC=C1)C,35,https://doi.org/10.1016/j.tetlet.2015.08.027,optimization,1.0,1.1,0.05,0.1,2.0,Table 2,article,cadiot,aryl acetylene,acetophenone,N2,
190,C#CC1=CC=CC=C1,IC1=CC=C(C(C)=O)C=C1,O1CCOCC1,48h,125,CC[Zn]CC,CCN(CC)CC,CNCCNC,O=C(C2=CC=C(C=C2)C#CC1=CC=CC=C1)C,1,https://doi.org/10.1016/j.tetlet.2015.08.027,optimization,1.0,1.1,0.05,0.1,2.0,Table 2,article,cadiot,aryl acetylene,acetophenone,N2,
194,C#CC1=CC=CC=C1,IC1=CC=C(C(C)=O)C=C1,O1CCOCC1,48h,125,CC[Zn]CC,[OH-].[K+],CNCCNC,O=C(C2=CC=C(C=C2)C#CC1=CC=CC=C1)C,0,https://doi.org/10.1016/j.tetlet.2015.08.027,optimization,1.0,1.1,0.05,0.1,2.0,Table 2,article,cadiot,aryl acetylene,acetophenone,N2,
195,C#CC1=CC=CC=C1,IC1=CC=C(C(C)=O)C=C1,COC,48h,125,CC[Zn]CC,[O-]P([O-])([O-])=O.[K+].[K+].[K+],CNCCNC,O=C(C2=CC=C(C=C2)C#CC1=CC=CC=C1)C,44,https://doi.org/10.1016/j.tetlet.2015.08.027,optimization,1.0,1.1,0.05,0.1,2.0,Table 2,article,cadiot,aryl acetylene,acetophenone,N2,
196,C#CC1=CC=CC=C1,IC1=CC=C(C(C)=O)C=C1,COC,48h,125,CC[Zn]CC,O=C([O-])[O-].[K+].[K+],CNCCNC,O=C(C2=CC=C(C=C2)C#CC1=CC=CC=C1)C,0,https://doi.org/10.1016/j.tetlet.2015.08.027,optimization,1.0,1.1,0.05,0.1,2.0,Table 2,article,cadiot,aryl acetylene,acetophenone,N2,
197,C#CC1=CC=CC=C1,IC1=CC=C(C(C)=O)C=C1,COC,48h,125,CC[Zn]CC,O=C([O-])[O-].[Cs+].[Cs+],CNCCNC,O=C(C2=CC=C(C=C2)C#CC1=CC=CC=C1)C,25,https://doi.org/10.1016/j.tetlet.2015.08.027,optimization,1.0,1.1,0.05,0.1,2.0,Table 2,article,cadiot,aryl acetylene,acetophenone,N2,
198,C#CC1=CC=CC=C1,IC1=CC=C(C(C)=O)C=C1,O1CCCC1,48h,125,CC[Zn]CC,[O-]P([O-])([O-])=O.[K+].[K+].[K+],CNCCNC,O=C(C2=CC=C(C=C2)C#CC1=CC=CC=C1)C,38,https://doi.org/10.1016/j.tetlet.2015.08.027,optimization,1.0,1.1,0.05,0.1,2.0,Table 2,article,cadiot,aryl acetylene,acetophenone,N2,
199,C#CC1=CC=CC=C1,IC1=CC=C(C(C)=O)C=C1,O1CCCC1,48h,125,CC[Zn]CC,O=C([O-])[O-].[K+].[K+],CNCCNC,O=C(C2=CC=C(C=C2)C#CC1=CC=CC=C1)C,31,https://doi.org/10.1016/j.tetlet.2015.08.027,optimization,1.0,1.1,0.05,0.1,2.0,Table 2,article,cadiot,aryl acetylene,acetophenone,N2,
200,C#CC1=CC=CC=C1,IC1=CC=C(C(C)=O)C=C1,O1CCCC1,48h,125,CC[Zn]CC,O=C([O-])[O-].[Cs+].[Cs+],CNCCNC,O=C(C2=CC=C(C=C2)C#CC1=CC=CC=C1)C,1,https://doi.org/10.1016/j.tetlet.2015.08.027,optimization,1.0,1.1,0.05,0.1,2.0,Table 2,article,cadiot,aryl acetylene,acetophenone,N2,
201,C#CC1=CC=CC=C1,IC1=CC=C(C(C)=O)C=C1,CC1=CC=CC=C1,48h,125,CC[Zn]CC,[O-]P([O-])([O-])=O.[K+].[K+].[K+],CNCCNC,O=C(C2=CC=C(C=C2)C#CC1=CC=CC=C1)C,1,https://doi.org/10.1016/j.tetlet.2015.08.027,optimization,1.0,1.1,0.05,0.1,2.0,Table 2,article,cadiot,aryl acetylene,acetophenone,N2,
202,C#CC1=CC=CC=C1,IC1=CC=C(C(C)=O)C=C1,CC1=CC=CC=C1,48h,125,CC[Zn]CC,O=C([O-])[O-].[K+].[K+],CNCCNC,O=C(C2=CC=C(C=C2)C#CC1=CC=CC=C1)C,25,https://doi.org/10.1016/j.tetlet.2015.08.027,optimization,1.0,1.1,0.05,0.1,2.0,Table 2,article,cadiot,aryl acetylene,acetophenone,N2,
203,C#CC1=CC=CC=C1,IC1=CC=C(C(C)=O)C=C1,CC1=CC=CC=C1,48h,125,CC[Zn]CC,O=C([O-])[O-].[Cs+].[Cs+],CNCCNC,O=C(C2=CC=C(C=C2)C#CC1=CC=CC=C1)C,20,https://doi.org/10.1016/j.tetlet.2015.08.027,optimization,1.0,1.1,0.05,0.1,2.0,Table 2,article,cadiot,aryl acetylene,acetophenone,N2,
204,C#CC1=CC=CC=C1,IC1=CC=C(C(C)=O)C=C1,CC(C)(O)C,48h,125,CC[Zn]CC,[O-]P([O-])([O-])=O.[K+].[K+].[K+],CNCCNC,O=C(C2=CC=C(C=C2)C#CC1=CC=CC=C1)C,30,https://doi.org/10.1016/j.tetlet.2015.08.027,optimization,1.0,1.1,0.05,0.1,2.0,Table 2,article,cadiot,aryl acetylene,acetophenone,N2,
205,C#CC1=CC=CC=C1,IC1=CC=C(C(C)=O)C=C1,CC(C)(O)C,48h,125,CC[Zn]CC,O=C([O-])[O-].[K+].[K+],CNCCNC,O=C(C2=CC=C(C=C2)C#CC1=CC=CC=C1)C,20,https://doi.org/10.1016/j.tetlet.2015.08.027,optimization,1.0,1.1,0.05,0.1,2.0,Table 2,article,cadiot,aryl acetylene,acetophenone,N2,
206,C#CC1=CC=CC=C1,IC1=CC=C(C(C)=O)C=C1,CC(C)(O)C,48h,125,CC[Zn]CC,O=C([O-])[O-].[Cs+].[Cs+],CNCCNC,O=C(C2=CC=C(C=C2)C#CC1=CC=CC=C1)C,1,https://doi.org/10.1016/j.tetlet.2015.08.027,optimization,1.0,1.1,0.05,0.1,2.0,Table 2,article,cadiot,aryl acetylene,acetophenone,N2,
207,C#CC1=CC=CC=C1,IC1=CC=C(C(C)=O)C=C1,CC#N,48h,125,CC[Zn]CC,[O-]P([O-])([O-])=O.[K+].[K+].[K+],CNCCNC,O=C(C2=CC=C(C=C2)C#CC1=CC=CC=C1)C,20,https://doi.org/10.1016/j.tetlet.2015.08.027,optimization,1.0,1.1,0.05,0.1,2.0,Table 2,article,cadiot,aryl acetylene,acetophenone,N2,
208,C#CC1=CC=CC=C1,IC1=CC=C(C(C)=O)C=C1,CC#N,48h,125,CC[Zn]CC,O=C([O-])[O-].[K+].[K+],CNCCNC,O=C(C2=CC=C(C=C2)C#CC1=CC=CC=C1)C,1,https://doi.org/10.1016/j.tetlet.2015.08.027,optimization,1.0,1.1,0.05,0.1,2.0,Table 2,article,cadiot,aryl acetylene,acetophenone,N2,
209,C#CC1=CC=CC=C1,IC1=CC=C(C(C)=O)C=C1,CC#N,48h,125,CC[Zn]CC,O=C([O-])[O-].[Cs+].[Cs+],CNCCNC,O=C(C2=CC=C(C=C2)C#CC1=CC=CC=C1)C,1,https://doi.org/10.1016/j.tetlet.2015.08.027,optimization,1.0,1.1,0.05,0.1,2.0,Table 2,article,cadiot,aryl acetylene,acetophenone,N2,
210,C#CC1=CC=CC=C1,IC1=CC=C(C(C)=O)C=C1,CN(C=O)C,48h,125,CC[Zn]CC,[O-]P([O-])([O-])=O.[K+].[K+].[K+],CNCCNC,O=C(C2=CC=C(C=C2)C#CC1=CC=CC=C1)C,0,https://doi.org/10.1016/j.tetlet.2015.08.027,optimization,1.0,1.1,0.05,0.1,2.0,Table 2,article,cadiot,aryl acetylene,acetophenone,N2,
211,C#CC1=CC=CC=C1,IC1=CC=C(C(C)=O)C=C1,CN(C=O)C,48h,125,CC[Zn]CC,O=C([O-])[O-].[K+].[K+],CNCCNC,O=C(C2=CC=C(C=C2)C#CC1=CC=CC=C1)C,0,https://doi.org/10.1016/j.tetlet.2015.08.027,optimization,1.0,1.1,0.05,0.1,2.0,Table 2,article,cadiot,aryl acetylene,acetophenone,N2,
212,C#CC1=CC=CC=C1,IC1=CC=C(C(C)=O)C=C1,CN(C=O)C,48h,125,CC[Zn]CC,O=C([O-])[O-].[Cs+].[Cs+],CNCCNC,O=C(C2=CC=C(C=C2)C#CC1=CC=CC=C1)C,0,https://doi.org/10.1016/j.tetlet.2015.08.027,optimization,1.0,1.1,0.05,0.1,2.0,Table 2,article,cadiot,aryl acetylene,acetophenone,N2,
213,C#CC1=CC=CC=C1,IC1=CC=C(C(C)=O)C=C1,CS(C)=O,48h,125,CC[Zn]CC,[O-]P([O-])([O-])=O.[K+].[K+].[K+],CNCCNC,O=C(C2=CC=C(C=C2)C#CC1=CC=CC=C1)C,0,https://doi.org/10.1016/j.tetlet.2015.08.027,optimization,1.0,1.1,0.05,0.1,2.0,Table 2,article,cadiot,aryl acetylene,acetophenone,N2,
214,C#CC1=CC=CC=C1,IC1=CC=C(C(C)=O)C=C1,CS(C)=O,48h,125,CC[Zn]CC,O=C([O-])[O-].[K+].[K+],CNCCNC,O=C(C2=CC=C(C=C2)C#CC1=CC=CC=C1)C,0,https://doi.org/10.1016/j.tetlet.2015.08.027,optimization,1.0,1.1,0.05,0.1,2.0,Table 2,article,cadiot,aryl acetylene,acetophenone,N2,
215,C#CC1=CC=CC=C1,IC1=CC=C(C(C)=O)C=C1,CS(C)=O,48h,125,CC[Zn]CC,O=C([O-])[O-].[Cs+].[Cs+],CNCCNC,O=C(C2=CC=C(C=C2)C#CC1=CC=CC=C1)C,0,https://doi.org/10.1016/j.tetlet.2015.08.027,optimization,1.0,1.1,0.05,0.1,2.0,Table 2,article,cadiot,aryl acetylene,acetophenone,N2,
219,C#CC1=CC=CC=C1,IC1=CC=C(C(C)=O)C=C1,O1CCOCC1,48h,80,CC[Zn]CC,[O-]P([O-])([O-])=O.[K+].[K+].[K+],CNCCNC,O=C(C2=CC=C(C=C2)C#CC1=CC=CC=C1)C,40,https://doi.org/10.1016/j.tetlet.2015.08.027,optimization,1.0,1.1,0.05,0.1,2.0,Table 2,article,cadiot,aryl acetylene,acetophenone,N2,
224,C#CC1=CC=CC=C1,IC1=CC=C(C(C)=O)C=C1,O1CCOCC1,48h,125,CC[Zn]CC,[O-]P([O-])([O-])=O.[K+].[K+].[K+],CNCCNC,O=C(C2=CC=C(C=C2)C#CC1=CC=CC=C1)C,28,https://doi.org/10.1016/j.tetlet.2015.08.027,optimization,1.0,1.1,1.0,1.0,2.0,Table 2,article,cadiot,aryl acetylene,acetophenone,N2,
225,C#CC1=CC=CC=C1,IC1=CC=C(C(C)=O)C=C1,O1CCOCC1,48h,125,CC[Zn]CC,[O-]P([O-])([O-])=O.[K+].[K+].[K+],CNCCNC,O=C(C2=CC=C(C=C2)C#CC1=CC=CC=C1)C,52,https://doi.org/10.1016/j.tetlet.2015.08.027,optimization,1.0,1.1,0.05,0.1,1.0,Table 2,article,cadiot,aryl acetylene,acetophenone,N2,
226,C#CC1=CC=CC=C1,IC1=CC=C(C(C)=O)C=C1,O1CCOCC1,48h,125,CC[Zn]CC,[O-]P([O-])([O-])=O.[K+].[K+].[K+],CNCCNC,O=C(C2=CC=C(C=C2)C#CC1=CC=CC=C1)C,1,https://doi.org/10.1016/j.tetlet.2015.08.027,optimization,1.0,1.1,0.05,0.1,1.0,Table 2,article,cadiot,aryl acetylene,acetophenone,,
227,C#CC1=CC=CC=C1,IC1=CC=C(C(C)=O)C=C1,O1CCOCC1,48h,125,CC[Zn]CC,[O-]P([O-])([O-])=O.[K+].[K+].[K+],CNCCNC,O=C(C2=CC=C(C=C2)C#CC1=CC=CC=C1)C,43,https://doi.org/10.1016/j.tetlet.2015.08.027,optimization,1.0,1.1,0.2,0.1,2.0,Table 2,article,cadiot,aryl acetylene,acetophenone,N2,
230,C#CC1=CC=CC=C1,IC1=CC=CC=C1,O1CCOCC1,48h,125,CC[Zn]CC,[O-]P([O-])([O-])=O.[K+].[K+].[K+],CNCCNC,C1(C#CC2=CC=CC=C2)=CC=CC=C1,54,https://doi.org/10.1016/j.tetlet.2015.08.027,scope,1.0,1.1,0.05,0.1,2.0,Table 3,article,cadiot,aryl acetylene,benzene,N2,
233,C#CC1=CC=CC=C1,IC1=CC=C(C)C=C1,O1CCOCC1,48h,125,CC[Zn]CC,[O-]P([O-])([O-])=O.[K+].[K+].[K+],CNCCNC,CC1=CC=C(C#CC2=CC=CC=C2)C=C1,45,https://doi.org/10.1016/j.tetlet.2015.08.027,scope,1.0,1.1,0.05,0.1,2.0,Table 3,article,cadiot,aryl acetylene,toluene,N2,
239,CC1=CC=C(C#C)C=C1,IC1=CC=CC=C1,O1CCOCC1,48h,125,CC[Zn]CC,[O-]P([O-])([O-])=O.[K+].[K+].[K+],CNCCNC,CC1=CC=C(C#CC2=CC=CC=C2)C=C1,43,https://doi.org/10.1016/j.tetlet.2015.08.027,scope,1.0,1.1,0.05,0.1,2.0,Table 3,article,cadiot,ethynylmethylbenzene,benzene,N2,
246,OB(C1=CC=CC=C1)O,BrC#CC1=CC=C(C)C=C1,O1CCCC1,48h,80,CC[Zn]CC,[O-]P([O-])([O-])=O.[K+].[K+].[K+],CNCCNC,CC1=CC=C(C#CC2=CC=CC=C2)C=C1,92,https://doi.org/10.1016/j.jcat.2019.03.005,optimization,3.0,1.0,0.2,0.4,4.0,table.1,Research_Article,suzuki,phenyl boronic acid,acetylene,N2,
247,OB(C1=CC=CC=C1)O,BrC#CC1=CC=C(C)C=C1,O1CCCC1,48h,80,CC[Zn]CC,[O-]P([O-])([O-])=O.[K+].[K+].[K+],NCCN,CC1=CC=C(C#CC2=CC=CC=C2)C=C1,1,https://doi.org/10.1016/j.jcat.2019.03.005,optimization,3.0,1.0,0.2,0.4,4.0,scheme.2,Research_Article,suzuki,phenyl boronic acid,acetylene,N2,
248,OB(C1=CC=CC=C1)O,BrC#CC1=CC=C(C)C=C1,O1CCCC1,48h,80,CC[Zn]CC,[O-]P([O-])([O-])=O.[K+].[K+].[K+],C12=CC=C3C(N=CC=C3)=C1N=CC=C2,CC1=CC=C(C#CC2=CC=CC=C2)C=C1,1,https://doi.org/10.1016/j.jcat.2019.03.005,optimization,3.0,1.0,0.2,0.4,4.0,scheme.3,Research_Article,suzuki,phenyl boronic acid,acetylene,N2,
249,OB(C1=CC=CC=C1)O,BrC#CC1=CC=C(C)C=C1,O1CCCC1,48h,80,CC[Zn]CC,[O-]P([O-])([O-])=O.[K+].[K+].[K+],N[C@H]1[C@H](N)CCCC1,CC1=CC=C(C#CC2=CC=CC=C2)C=C1,1,https://doi.org/10.1016/j.jcat.2019.03.005,optimization,3.0,1.0,0.2,0.4,4.0,scheme.4,Research_Article,suzuki,phenyl boronic acid,acetylene,N2,
250,OB(C1=CC=CC=C1)O,BrC#CC1=CC=C(C)C=C1,O1CCCC1,48h,80,CC[Zn]CC,[O-]P([O-])([O-])=O.[K+].[K+].[K+],OC(C1CCCN1)=O,CC1=CC=C(C#CC2=CC=CC=C2)C=C1,38,https://doi.org/10.1016/j.jcat.2019.03.005,optimization,3.0,1.0,0.2,0.4,4.0,scheme.5,Research_Article,suzuki,phenyl boronic acid,acetylene,N2,
251,OB(C1=CC=CC=C1)O,BrC#CC1=CC=C(C)C=C1,O1CCCC1,48h,80,CC[Zn]CC,[O-]P([O-])([O-])=O.[K+].[K+].[K+],OC2=CC=CC1=CC=CN=C12,CC1=CC=C(C#CC2=CC=CC=C2)C=C1,47,https://doi.org/10.1016/j.jcat.2019.03.005,optimization,3.0,1.0,0.2,0.4,4.0,scheme.6,Research_Article,suzuki,phenyl boronic acid,acetylene,N2,
253,OB(C1=CC=CC=C1)O,BrC#CC1=CC=C(C)C=C1,O1CCCC1,48h,80,CC[Zn]CC,[O-]P([O-])([O-])=O.[K+].[K+].[K+],O[C@H]1[C@H](O)CCCC1,CC1=CC=C(C#CC2=CC=CC=C2)C=C1,15,https://doi.org/10.1016/j.jcat.2019.03.005,optimization,3.0,1.0,0.2,0.4,4.0,scheme.8,Research_Article,suzuki,phenyl boronic acid,acetylene,N2,
255,OB(C1=CC=CC=C1)O,BrC#CC1=CC=C(C)C=C1,O1CCCC1,48h,80,CC[Zn]CC,O=C([O-])[O-].[Cs+].[Cs+],CNCCNC,CC1=CC=C(C#CC2=CC=CC=C2)C=C1,17,https://doi.org/10.1016/j.jcat.2019.03.005,optimization,3.0,1.0,0.2,0.4,4.0,table.2,Research_Article,suzuki,phenyl boronic acid,acetylene,N2,
257,OB(C1=CC=CC=C1)O,BrC#CC1=CC=C(C)C=C1,O1CCCC1,48h,80,CC[Zn]CC,O=C([O-])[O-].[K+].[K+],CNCCNC,CC1=CC=C(C#CC2=CC=CC=C2)C=C1,24,https://doi.org/10.1016/j.jcat.2019.03.005,optimization,3.0,1.0,0.2,0.4,4.0,table.2,Research_Article,suzuki,phenyl boronic acid,acetylene,N2,
259,OB(C1=CC=CC=C1)O,BrC#CC1=CC=C(C)C=C1,O1CCCC1,48h,80,CC[Zn]CC,CCN(CC)CC,CNCCNC,CC1=CC=C(C#CC2=CC=CC=C2)C=C1,1,https://doi.org/10.1016/j.jcat.2019.03.005,optimization,3.0,1.0,0.2,0.4,4.0,table.2,Research_Article,suzuki,phenyl boronic acid,acetylene,N2,
260,OB(C1=CC=CC=C1)O,BrC#CC1=CC=C(C)C=C1,CC#N,48h,80,CC[Zn]CC,[O-]P([O-])([O-])=O.[K+].[K+].[K+],CNCCNC,CC1=CC=C(C#CC2=CC=CC=C2)C=C1,83,https://doi.org/10.1016/j.jcat.2019.03.005,optimization,3.0,1.0,0.2,0.4,4.0,table.2,Research_Article,suzuki,phenyl boronic acid,acetylene,N2,
261,OB(C1=CC=CC=C1)O,BrC#CC1=CC=C(C)C=C1,C1COCCO1,48h,80,CC[Zn]CC,[O-]P([O-])([O-])=O.[K+].[K+].[K+],CNCCNC,CC1=CC=C(C#CC2=CC=CC=C2)C=C1,69,https://doi.org/10.1016/j.jcat.2019.03.005,optimization,3.0,1.0,0.2,0.4,4.0,table.2,Research_Article,suzuki,phenyl boronic acid,acetylene,N2,
262,OB(C1=CC=CC=C1)O,BrC#CC1=CC=C(C)C=C1,COC,48h,80,CC[Zn]CC,[O-]P([O-])([O-])=O.[K+].[K+].[K+],CNCCNC,CC1=CC=C(C#CC2=CC=CC=C2)C=C1,27,https://doi.org/10.1016/j.jcat.2019.03.005,optimization,3.0,1.0,0.2,0.4,4.0,table.2,Research_Article,suzuki,phenyl boronic acid,acetylene,N2,
263,OB(C1=CC=CC=C1)O,BrC#CC1=CC=C(C)C=C1,CCO,48h,80,CC[Zn]CC,[O-]P([O-])([O-])=O.[K+].[K+].[K+],CNCCNC,CC1=CC=C(C#CC2=CC=CC=C2)C=C1,33,https://doi.org/10.1016/j.jcat.2019.03.005,optimization,3.0,1.0,0.2,0.4,4.0,table.2,Research_Article,suzuki,phenyl boronic acid,acetylene,N2,
265,OB(C1=CC=CC=C1)O,BrC#CC1=CC=C(C)C=C1,CN(C=O)C,48h,80,CC[Zn]CC,[O-]P([O-])([O-])=O.[K+].[K+].[K+],CNCCNC,CC1=CC=C(C#CC2=CC=CC=C2)C=C1,0,https://doi.org/10.1016/j.jcat.2019.03.005,optimization,3.0,1.0,0.2,0.4,4.0,table.2,Research_Article,suzuki,phenyl boronic acid,acetylene,N2,
266,OB(C1=CC=CC=C1)O,BrC#CC1=CC=C(C)C=C1,CS(C)=O,48h,80,CC[Zn]CC,[O-]P([O-])([O-])=O.[K+].[K+].[K+],CNCCNC,CC1=CC=C(C#CC2=CC=CC=C2)C=C1,1,https://doi.org/10.1016/j.jcat.2019.03.005,optimization,3.0,1.0,0.2,0.4,4.0,table.2,Research_Article,suzuki,phenyl boronic acid,acetylene,N2,
267,OB(C1=CC=CC=C1)O,BrC#CC1=CC=C(C)C=C1,CC1=CC=CC=C1,48h,80,CC[Zn]CC,[O-]P([O-])([O-])=O.[K+].[K+].[K+],CNCCNC,CC1=CC=C(C#CC2=CC=CC=C2)C=C1,0,https://doi.org/10.1016/j.jcat.2019.03.005,optimization,3.0,1.0,0.2,0.4,4.0,table.2,Research_Article,suzuki,phenyl boronic acid,acetylene,N2,
268,OB(C1=CC=CC=C1)O,BrC#CC1=CC=C(C)C=C1,O1CCCC1,48h,130,CC[Zn]CC,[O-]P([O-])([O-])=O.[K+].[K+].[K+],CNCCNC,CC1=CC=C(C#CC2=CC=CC=C2)C=C1,1,https://doi.org/10.1016/j.jcat.2019.03.005,optimization,3.0,1.0,0.2,0.4,4.0,table.2,Research_Article,suzuki,phenyl boronic acid,acetylene,N2,
269,OB(C1=CC=CC=C1)O,BrC#CC1=CC=C(C)C=C1,O1CCCC1,48h,80,CC[Zn]CC,[O-]P([O-])([O-])=O.[K+].[K+].[K+],CNCCNC,CC1=CC=C(C#CC2=CC=CC=C2)C=C1,52,https://doi.org/10.1016/j.jcat.2019.03.005,optimization,2.0,1.0,0.2,0.4,4.0,table.2,Research_Article,suzuki,phenyl boronic acid,acetylene,N2,
270,OB(C1=CC=CC=C1)O,BrC#CC1=CC=C(C)C=C1,O1CCCC1,48h,80,CC[Zn]CC,[O-]P([O-])([O-])=O.[K+].[K+].[K+],CNCCNC,CC1=CC=C(C#CC2=CC=CC=C2)C=C1,46,https://doi.org/10.1016/j.jcat.2019.03.005,optimization,1.5,1.0,0.2,0.4,4.0,table.2,Research_Article,suzuki,phenyl boronic acid,acetylene,N2,
271,OB(C1=CC=CC=C1)O,BrC#CC1=CC=C(C)C=C1,O1CCCC1,48h,80,CC[Zn]CC,[O-]P([O-])([O-])=O.[K+].[K+].[K+],CNCCNC,CC1=CC=C(C#CC2=CC=CC=C2)C=C1,31,https://doi.org/10.1016/j.jcat.2019.03.005,optimization,3.0,1.0,0.2,0.4,2.0,table.2,Research_Article,suzuki,phenyl boronic acid,acetylene,N2,
272,OB(C1=CC=CC=C1)O,BrC#CC1=CC=C(C)C=C1,O1CCCC1,24h,80,CC[Zn]CC,[O-]P([O-])([O-])=O.[K+].[K+].[K+],CNCCNC,CC1=CC=C(C#CC2=CC=CC=C2)C=C1,77,https://doi.org/10.1016/j.jcat.2019.03.005,optimization,3.0,1.0,0.2,0.4,4.0,table.2,Research_Article,suzuki,phenyl boronic acid,acetylene,N2,
273,OB(C1=CC=CC=C1)O,BrC#CC1=CC=C(C)C=C1,O1CCCC1,48h,80,CC[Zn]CC,[O-]P([O-])([O-])=O.[K+].[K+].[K+],CNCCNC,CC1=CC=C(C#CC2=CC=CC=C2)C=C1,1,https://doi.org/10.1016/j.jcat.2019.03.005,optimization,3.0,1.0,0.2,0.4,4.0,table.2,Research_Article,suzuki,phenyl boronic acid,acetylene,N2,
276,OB(C1=CC=CC=C1)O,BrC#CC1=CC=C(C)C=C1,O1CCCC1,48h,80,CC[Zn]CC,[O-]P([O-])([O-])=O.[K+].[K+].[K+],CNCCNC,CC1=CC=C(C#CC2=CC=CC=C2)C=C1,1,https://doi.org/10.1016/j.jcat.2019.03.005,optimization,3.0,1.0,0.2,0.4,4.0,table.2,Research_Article,suzuki,phenyl boronic acid,acetylene,,
277,OB(C1=CC=CC=C1)O,BrC#CC1=CC=C(C)C=C1,O1CCCC1,48h,80,CC[Zn]CC,[O-]P([O-])([O-])=O.[K+].[K+].[K+],CNCCNC,CC1=CC=C(C#CC2=CC=CC=C2)C=C1,58,https://doi.org/10.1016/j.jcat.2019.03.005,optimization,3.0,1.0,0.3,0.6,4.0,table.3,Research_Article,suzuki,phenyl boronic acid,acetylene,N2,
278,OB(C1=CC=CC=C1)O,BrC#CC1=CC=C(C)C=C1,O1CCCC1,48h,80,CC[Zn]CC,[O-]P([O-])([O-])=O.[K+].[K+].[K+],CNCCNC,CC1=CC=C(C#CC2=CC=CC=C2)C=C1,69,https://doi.org/10.1016/j.jcat.2019.03.005,optimization,3.0,1.0,0.25,0.5,4.0,table.3,Research_Article,suzuki,phenyl boronic acid,acetylene,N2,
279,OB(C1=CC=CC=C1)O,BrC#CC1=CC=C(C)C=C1,O1CCCC1,48h,80,CC[Zn]CC,[O-]P([O-])([O-])=O.[K+].[K+].[K+],CNCCNC,CC1=CC=C(C#CC2=CC=CC=C2)C=C1,96,https://doi.org/10.1016/j.jcat.2019.03.005,optimization,3.0,1.0,0.15,0.3,4.0,table.3,Research_Article,suzuki,phenyl boronic acid,acetylene,N2,
280,OB(C1=CC=CC=C1)O,BrC#CC1=CC=C(C)C=C1,O1CCCC1,48h,80,CC[Zn]CC,[O-]P([O-])([O-])=O.[K+].[K+].[K+],CNCCNC,CC1=CC=C(C#CC2=CC=CC=C2)C=C1,44,https://doi.org/10.1016/j.jcat.2019.03.005,optimization,3.0,1.0,0.1,0.2,4.0,table.3,Research_Article,suzuki,phenyl boronic acid,acetylene,N2,
290,OB(C1=CC=CC=C1)O,BrC#CC1=CC=CC=C1,O1CCCC1,48h,80,CC[Zn]CC,[O-]P([O-])([O-])=O.[K+].[K+].[K+],CNCCNC,C1(C#CC2=CC=CC=C2)=CC=CC=C1,98,https://doi.org/10.1016/j.jcat.2019.03.005,optimization,3.0,1.0,0.1,0.2,4.0,table.13,Research_Article,suzuki,phenyl boronic acid,acetylene,N12,
298,OC1=CC=CC=C1,IC1=CC=C([N+]([O-])=O)C=C1,CC#N,36h,130,O=C(O[Co]OC(C)=O)C .[O].[O].[O].[O],[O-]P([O-])([O-])=O.[K+].[K+].[K+],CNCCNC,O=[N+](C(C=C1)=CC=C1OC2=CC=CC=C2)[O-],20,https://doi.org/10.1007/s00706-018-2324-6,optimization,1.2,1.0,0.1,0.2,2.0,Scheme 2,article,ullmann,phenol,nitrobenzene,N2,
299,OC1=CC=CC=C1,IC1=CC=C([N+]([O-])=O)C=C1,CC#N,48h,110,O=C(O[Co]OC(C)=O)C .[O].[O].[O].[O],[OH-].[K+],CNCCNC,O=[N+](C(C=C1)=CC=C1OC2=CC=CC=C2)[O-],42,https://doi.org/10.1007/s00706-018-2324-6,optimization,1.2,1.0,0.1,0.2,2.0,Scheme 2,article,ullmann,phenol,nitrobenzene,N2,
302,OC1=CC=CC=C1,IC1=CC=C([N+]([O-])=O)C=C1,CC#N,48h,110,O=C(O[Co]OC(C)=O)C .[O].[O].[O].[O],[OH-].[K+],C12=CC=C3C(N=CC=C3)=C1N=CC=C2,O=[N+](C(C=C1)=CC=C1OC2=CC=CC=C2)[O-],38,https://doi.org/10.1007/s00706-018-2324-6,optimization,1.2,1.0,0.1,0.2,2.0,Table 1,article,ullmann,phenol,nitrobenzene,N2,
303,OC1=CC=CC=C1,IC1=CC=C([N+]([O-])=O)C=C1,CC#N,48h,110,O=C(O[Co]OC(C)=O)C .[O].[O].[O].[O],[OH-].[K+],OC(C1CCCN1)=O,O=[N+](C(C=C1)=CC=C1OC2=CC=CC=C2)[O-],50,https://doi.org/10.1007/s00706-018-2324-6,optimization,1.2,1.0,0.1,0.2,2.0,Table 1,article,ullmann,phenol,nitrobenzene,N2,
305,OC1=CC=CC=C1,IC1=CC=C([N+]([O-])=O)C=C1,CC#N,48h,110,O=C(O[Co]OC(C)=O)C .[O].[O].[O].[O],[OH-].[K+],CC(C(N)C(O)=O)C,O=[N+](C(C=C1)=CC=C1OC2=CC=CC=C2)[O-],75,https://doi.org/10.1007/s00706-018-2324-6,optimization,1.2,1.0,0.1,0.2,2.0,Table 1,article,ullmann,phenol,nitrobenzene,N2,
309,OC1=CC=CC=C1,IC1=CC=C([N+]([O-])=O)C=C1,CC#N,48h,110,O=C(O[Co]OC(C)=O)C .[O].[O].[O].[O],[OH-].[K+],O[C@H]1[C@H](O)CCCC1,O=[N+](C(C=C1)=CC=C1OC2=CC=CC=C2)[O-],53,https://doi.org/10.1007/s00706-018-2324-6,optimization,1.2,1.0,0.1,0.2,2.0,Table 1,article,ullmann,phenol,nitrobenzene,N2,
310,OC1=CC=CC=C1,IC1=CC=C([N+]([O-])=O)C=C1,CC#N,48h,110,O=C(O[Co]OC(C)=O)C .[O].[O].[O].[O],[OH-].[K+],CC(C(N)C(O)=O)C,O=[N+](C(C=C1)=CC=C1OC2=CC=CC=C2)[O-],50,https://doi.org/10.1007/s00706-018-2324-6,optimization,1.2,1.0,0.15,0.3,2.0,Table 2,article,ullmann,phenol,nitrobenzene,N2,
311,OC1=CC=CC=C1,IC1=CC=C([N+]([O-])=O)C=C1,CCO,48h,110,O=C(O[Co]OC(C)=O)C .[O].[O].[O].[O],[OH-].[K+],CC(C(N)C(O)=O)C,O=[N+](C(C=C1)=CC=C1OC2=CC=CC=C2)[O-],23,https://doi.org/10.1007/s00706-018-2324-6,optimization,1.2,1.0,0.1,0.2,2.0,Table 2,article,ullmann,phenol,nitrobenzene,N2,
312,OC1=CC=CC=C1,IC1=CC=C([N+]([O-])=O)C=C1,CC1=CC=CC=C1,48h,110,O=C(O[Co]OC(C)=O)C .[O].[O].[O].[O],[OH-].[K+],CC(C(N)C(O)=O)C,O=[N+](C(C=C1)=CC=C1OC2=CC=CC=C2)[O-],0,https://doi.org/10.1007/s00706-018-2324-6,optimization,1.2,1.0,0.1,0.2,2.0,Table 2,article,ullmann,phenol,nitrobenzene,N2,
313,OC1=CC=CC=C1,IC1=CC=C([N+]([O-])=O)C=C1,CCO,48h,110,O=C(O[Co]OC(C)=O)C .[O].[O].[O].[O],[OH-].[K+],CC(C(N)C(O)=O)C,O=[N+](C(C=C1)=CC=C1OC2=CC=CC=C2)[O-],1,https://doi.org/10.1007/s00706-018-2324-6,optimization,1.2,1.0,0.1,0.2,2.0,Table 2,article,ullmann,phenol,nitrobenzene,N2,
314,OC1=CC=CC=C1,IC1=CC=C([N+]([O-])=O)C=C1,CC#N,48h,110,O=C(O[Co]OC(C)=O)C .[O].[O].[O].[O],[O-]P([O-])([O-])=O.[K+].[K+].[K+],CC(C(N)C(O)=O)C,O=[N+](C(C=C1)=CC=C1OC2=CC=CC=C2)[O-],39,https://doi.org/10.1007/s00706-018-2324-6,optimization,1.2,1.0,0.1,0.2,2.0,Table 2,article,ullmann,phenol,nitrobenzene,N2,
321,OC1=CC=CC=C1,IC1=CC=C([N+]([O-])=O)C=C1,CC#N,48h,110,O=C(O[Co]OC(C)=O)C .[O].[O].[O].[O],O=C([O-])[O-].[Cs+].[Cs+],CC(C(N)C(O)=O)C,O=[N+](C(C=C1)=CC=C1OC2=CC=CC=C2)[O-],80,https://doi.org/10.1007/s00706-018-2324-6,optimization,1.2,1.0,0.1,0.2,2.0,Table 2,article,ullmann,phenol,nitrobenzene,N2,
322,OC1=CC=CC=C1,IC1=CC=C([N+]([O-])=O)C=C1,CC#N,48h,110,O=C(O[Co]OC(C)=O)C .[O].[O].[O].[O],O=C([O-])[O-].[Cs+].[Cs+],CC(C(N)C(O)=O)C,O=[N+](C(C=C1)=CC=C1OC2=CC=CC=C2)[O-],67,https://doi.org/10.1007/s00706-018-2324-6,optimization,1.2,1.0,0.05,0.1,2.0,Table 3,article,ullmann,phenol,nitrobenzene,N2,
323,OC1=CC=CC=C1,IC1=CC=C([N+]([O-])=O)C=C1,CC#N,24h,110,O=C(O[Co]OC(C)=O)C .[O].[O].[O].[O],O=C([O-])[O-].[Cs+].[Cs+],CC(C(N)C(O)=O)C,O=[N+](C(C=C1)=CC=C1OC2=CC=CC=C2)[O-],78,https://doi.org/10.1007/s00706-018-2324-6,optimization,1.2,1.0,0.1,0.2,2.0,Table 3,article,ullmann,phenol,nitrobenzene,N2,
324,OC1=CC=CC=C1,IC1=CC=C([N+]([O-])=O)C=C1,CC#N,48h,110,O=C(O[Co]OC(C)=O)C .[O].[O].[O].[O],O=C([O-])[O-].[Cs+].[Cs+],CC(C(N)C(O)=O)C,O=[N+](C(C=C1)=CC=C1OC2=CC=CC=C2)[O-],80,https://doi.org/10.1007/s00706-018-2324-6,optimization,1.2,1.0,0.1,0.2,2.0,Table 3,article,ullmann,phenol,nitrobenzene,N2,
325,OC1=CC=CC=C1,IC1=CC=C([N+]([O-])=O)C=C1,CC#N,24h,110,O=C(O[Co]OC(C)=O)C .[O].[O].[O].[O],O=C([O-])[O-].[Cs+].[Cs+],CC(C(N)C(O)=O)C,O=[N+](C(C=C1)=CC=C1OC2=CC=CC=C2)[O-],95,https://doi.org/10.1007/s00706-018-2324-6,optimization,1.2,1.0,0.15,0.3,2.0,Table 3,article,ullmann,phenol,nitrobenzene,N2,
326,OC1=CC=CC=C1,IC1=CC=C([N+]([O-])=O)C=C1,CC#N,24h,110,O=C(O[Co]OC(C)=O)C .[O].[O].[O].[O],O=C([O-])[O-].[Cs+].[Cs+],CC(C(N)C(O)=O)C,O=[N+](C(C=C1)=CC=C1OC2=CC=CC=C2)[O-],96,https://doi.org/10.1007/s00706-018-2324-6,optimization,1.2,1.0,0.15,0.3,2.0,Table 3,article,ullmann,phenol,nitrobenzene,N2,
328,OC1=CC=CC=C1,IC1=CC=C([N+]([O-])=O)C=C1,CC#N,24h,110,O=C(O[Co]OC(C)=O)C .[O].[O].[O].[O],O=C([O-])[O-].[Cs+].[Cs+],CC(C(N)C(O)=O)C,O=[N+](C(C=C1)=CC=C1OC2=CC=CC=C2)[O-],77,https://doi.org/10.1007/s00706-018-2324-6,optimization,1.2,1.0,0.15,0.3,2.0,Table 3,article,ullmann,phenol,nitrobenzene,N2,
347,OC1=CC=CC=C1,IC1=CC=C(C(C)=O)C=C1,O,36h,130,Cl[Fe](Cl)Cl.O.O.O.O.O.O,O=C([O-])[O-].[Cs+].[Cs+],CNCCNC,O=C(C)C1=CC=C(OC2=CC=CC=C2)C=C1,84,https://doi.org/10.1016/j.jcat.2017.02.010,optimization,1.0,1.2,0.1,0.2,2.0,Table 2,Research_Article,ullmann,phenol,acetophenone,,
348,OC1=CC=CC=C1,IC1=CC=C(C(C)=O)C=C1,O,36h,130,Cl[Fe](Cl)Cl.O.O.O.O.O.O,O=C([O-])[O-].[K+].[K+],CNCCNC,O=C(C)C1=CC=C(OC2=CC=CC=C2)C=C1,67,https://doi.org/10.1016/j.jcat.2017.02.010,optimization,1.0,1.2,0.1,0.2,2.0,Table 1,Research_Article,ullmann,phenol,acetophenone,,
349,OC1=CC=CC=C1,IC1=CC=C(C(C)=O)C=C1,O,36h,130,Cl[Fe](Cl)Cl.O.O.O.O.O.O,O=C([O-])[O-].[K+].[K+],NCCN,O=C(C)C1=CC=C(OC2=CC=CC=C2)C=C1,62,https://doi.org/10.1016/j.jcat.2017.02.010,optimization,1.0,1.2,0.1,0.2,2.0,Table 1,Research_Article,ullmann,phenol,acetophenone,,
350,OC1=CC=CC=C1,IC1=CC=C(C(C)=O)C=C1,O,36h,130,Cl[Fe](Cl)Cl.O.O.O.O.O.O,O=C([O-])[O-].[K+].[K+],C12=CC=C3C(N=CC=C3)=C1N=CC=C2,O=C(C)C1=CC=C(OC2=CC=CC=C2)C=C1,49,https://doi.org/10.1016/j.jcat.2017.02.010,optimization,1.0,1.2,0.1,0.2,2.0,Table 1,Research_Article,ullmann,phenol,acetophenone,,
351,OC1=CC=CC=C1,IC1=CC=C(C(C)=O)C=C1,O,36h,130,Cl[Fe](Cl)Cl.O.O.O.O.O.O,O=C([O-])[O-].[K+].[K+],OC(C1CCCN1)=O,O=C(C)C1=CC=C(OC2=CC=CC=C2)C=C1,1,https://doi.org/10.1016/j.jcat.2017.02.010,optimization,1.0,1.2,0.1,0.2,2.0,Table 1,Research_Article,ullmann,phenol,acetophenone,,
352,OC1=CC=CC=C1,IC1=CC=C(C(C)=O)C=C1,O,36h,130,Cl[Fe](Cl)Cl.O.O.O.O.O.O,O=C([O-])[O-].[K+].[K+],N[C@H]1[C@H](N)CCCC1,O=C(C)C1=CC=C(OC2=CC=CC=C2)C=C1,45,https://doi.org/10.1016/j.jcat.2017.02.010,optimization,1.0,1.2,0.1,0.2,2.0,Table 1,Research_Article,ullmann,phenol,acetophenone,,
354,OC1=CC=CC=C1,IC1=CC=C(C(C)=O)C=C1,O,36h,120,Cl[Fe](Cl)Cl.O.O.O.O.O.O,O=C([O-])[O-].[K+].[K+],CNCCNC,O=C(C)C1=CC=C(OC2=CC=CC=C2)C=C1,33,https://doi.org/10.1016/j.jcat.2017.02.010,optimization,1.0,1.2,0.1,0.2,2.0,Table 1,Research_Article,ullmann,phenol,acetophenone,,
355,OC1=CC=CC=C1,IC1=CC=C(C(C)=O)C=C1,O,36h,130,Cl[Fe](Cl)Cl.O.O.O.O.O.O,O=C([O-])[O-].[Cs+].[Cs+],NCCN,O=C(C)C1=CC=C(OC2=CC=CC=C2)C=C1,65,https://doi.org/10.1016/j.jcat.2017.02.010,optimization,1.0,1.2,0.1,0.2,2.0,Table 1,Research_Article,ullmann,phenol,acetophenone,,
356,OC1=CC=CC=C1,IC1=CC=C(C(C)=O)C=C1,O,36h,130,Cl[Fe](Cl)Cl.O.O.O.O.O.O,[O-]P([O-])([O-])=O.[K+].[K+].[K+],CNCCNC,O=C(C)C1=CC=C(OC2=CC=CC=C2)C=C1,45,https://doi.org/10.1016/j.jcat.2017.02.010,optimization,1.0,1.2,0.1,0.2,2.0,Table 2,Research_Article,ullmann,phenol,acetophenone,,
358,OC1=CC=CC=C1,IC1=CC=C(C(C)=O)C=C1,O,36h,130,Cl[Fe](Cl)Cl.O.O.O.O.O.O,[OH-].[K+],CNCCNC,O=C(C)C1=CC=C(OC2=CC=CC=C2)C=C1,62,https://doi.org/10.1016/j.jcat.2017.02.010,optimization,1.0,1.2,0.1,0.2,2.0,Table 2,Research_Article,ullmann,phenol,acetophenone,,
359,OC1=CC=CC=C1,IC1=CC=C(C(C)=O)C=C1,O,36h,130,Cl[Fe](Cl)Cl.O.O.O.O.O.O,CCN(CC)CC,CNCCNC,O=C(C)C1=CC=C(OC2=CC=CC=C2)C=C1,0,https://doi.org/10.1016/j.jcat.2017.02.010,optimization,1.0,1.2,0.1,0.2,2.0,Table 2,Research_Article,ullmann,phenol,acetophenone,,
360,OC1=CC=CC=C1,IC1=CC=C(C(C)=O)C=C1,O,36h,120,Cl[Fe](Cl)Cl.O.O.O.O.O.O,O=C([O-])[O-].[Cs+].[Cs+],CNCCNC,O=C(C)C1=CC=C(OC2=CC=CC=C2)C=C1,36,https://doi.org/10.1016/j.jcat.2017.02.010,optimization,1.0,1.2,0.1,0.2,2.0,Table 2,Research_Article,ullmann,phenol,acetophenone,,
361,OC1=CC=CC=C1,IC1=CC=C(C(C)=O)C=C1,O,36h,100,Cl[Fe](Cl)Cl.O.O.O.O.O.O,O=C([O-])[O-].[Cs+].[Cs+],CNCCNC,O=C(C)C1=CC=C(OC2=CC=CC=C2)C=C1,1,https://doi.org/10.1016/j.jcat.2017.02.010,optimization,1.0,1.2,0.1,0.2,2.0,Table 2,Research_Article,ullmann,phenol,acetophenone,,
362,OC1=CC=CC=C1,IC1=CC=C(C(C)=O)C=C1,O,24h,130,Cl[Fe](Cl)Cl.O.O.O.O.O.O,O=C([O-])[O-].[Cs+].[Cs+],CNCCNC,O=C(C)C1=CC=C(OC2=CC=CC=C2)C=C1,65,https://doi.org/10.1016/j.jcat.2017.02.010,optimization,1.0,1.2,0.1,0.2,2.0,Table 2,Research_Article,ullmann,phenol,acetophenone,,
363,OC1=CC=CC=C1,IC1=CC=C(C(C)=O)C=C1,O,36h,130,Cl[Fe](Cl)Cl.O.O.O.O.O.O,O=C([O-])[O-].[Cs+].[Cs+],CNCCNC,O=C(C)C1=CC=C(OC2=CC=CC=C2)C=C1,41,https://doi.org/10.1016/j.jcat.2017.02.010,optimization,1.0,1.2,0.05,0.1,2.0,Table 2,Research_Article,ullmann,phenol,acetophenone,,
364,OC1=CC=CC=C1,IC1=CC=C(C(C)=O)C=C1,O,36h,130,Cl[Fe](Cl)Cl.O.O.O.O.O.O,O=C([O-])[O-].[Cs+].[Cs+],CNCCNC,O=C(C)C1=CC=C(OC2=CC=CC=C2)C=C1,82,https://doi.org/10.1016/j.jcat.2017.02.010,optimization,1.0,1.2,0.15,0.3,2.0,Table 2,Research_Article,ullmann,phenol,acetophenone,,
365,OC1=CC=CC=C1,IC1=CC=C(C(C)=O)C=C1,O,36h,130,Cl[Fe](Cl)Cl.O.O.O.O.O.O,O=C([O-])[O-].[Cs+].[Cs+],CNCCNC,O=C(C)C1=CC=C(OC2=CC=CC=C2)C=C1,48,https://doi.org/10.1016/j.jcat.2017.02.010,optimization,1.0,1.2,0.1,0.1,2.0,Table 2,Research_Article,ullmann,phenol,acetophenone,,
366,OC1=CC=CC=C1,IC1=CC=C(C(C)=O)C=C1,O,36h,130,Cl[Fe](Cl)Cl.O.O.O.O.O.O,O=C([O-])[O-].[Cs+].[Cs+],CNCCNC,O=C(C)C1=CC=C(OC2=CC=CC=C2)C=C1,83,https://doi.org/10.1016/j.jcat.2017.02.010,optimization,1.0,1.2,0.1,0.2,3.0,Table 2,Research_Article,ullmann,phenol,acetophenone,,
370,OC1=CC=CC=C1,IC1=CC=C([N+]([O-])=O)C=C1,O,36h,130,Cl[Fe](Cl)Cl.O.O.O.O.O.O,O=C([O-])[O-].[Cs+].[Cs+],CNCCNC,O=[N+](C(C=C1)=CC=C1OC2=CC=CC=C2)[O-],89,https://doi.org/10.1016/j.jcat.2017.02.010,scope,1.0,1.2,0.1,0.2,2.0,Table 4,Research_Article,ullmann,phenol,nitrobenzene,,
389,OC1=CC=CC=C1,IC1=CC=C([N+]([O-])=O)C=C1,CC#N,48h,130,Cl[Mn]Cl.O.O.O.O,[OH-].[K+]  ,OC(C1CCCN1)=O,O=[N+](C(C=C1)=CC=C1OC2=CC=CC=C2)[O-],45,https://doi.org/10.1002/slct.201901031,optimization,1.0,1.5,0.1,0.2,2.0,Table 1,article,ullmann,phenol,nitrobenzene,N2,
392,OC1=CC=CC=C1,IC1=CC=C([N+]([O-])=O)C=C1,CC#N,24h,110,Cl[Mn]Cl.O.O.O.O,[OH-].[K+]  ,OC(C1CCCN1)=O,O=[N+](C(C=C1)=CC=C1OC2=CC=CC=C2)[O-],50,https://doi.org/10.1002/slct.201901031,optimization,1.0,1.5,0.1,0.2,2.0,Scheme 2,article,ullmann,phenol,nitrobenzene,N2,
393,OC1=CC=CC=C1,IC1=CC=C([N+]([O-])=O)C=C1,CC#N,24h,110,Cl[Mn]Cl.O.O.O.O,[OH-].[K+]  ,OC2=CC=CC1=CC=CN=C12,O=[N+](C(C=C1)=CC=C1OC2=CC=CC=C2)[O-],58,https://doi.org/10.1002/slct.201901031,optimization,1.0,1.5,0.1,0.2,2.0,Scheme 2,article,ullmann,phenol,nitrobenzene,N2,
394,OC1=CC=CC=C1,IC1=CC=C([N+]([O-])=O)C=C1,CC#N,24h,110,Cl[Mn]Cl.O.O.O.O,[OH-].[K+]  ,C12=CC=C3C(N=CC=C3)=C1N=CC=C2,O=[N+](C(C=C1)=CC=C1OC2=CC=CC=C2)[O-],70,https://doi.org/10.1002/slct.201901031,optimization,1.0,1.5,0.1,0.2,2.0,Scheme 2,article,ullmann,phenol,nitrobenzene,N2,
395,OC1=CC=CC=C1,IC1=CC=C([N+]([O-])=O)C=C1,CC#N,24h,110,Cl[Mn]Cl.O.O.O.O,[OH-].[K+]  ,CC(C(N)C(O)=O)C,O=[N+](C(C=C1)=CC=C1OC2=CC=CC=C2)[O-],74,https://doi.org/10.1002/slct.201901031,optimization,1.0,1.5,0.1,0.2,2.0,Scheme 2,article,ullmann,phenol,nitrobenzene,N2,
396,OC1=CC=CC=C1,IC1=CC=C([N+]([O-])=O)C=C1,CC#N,24h,110,Cl[Mn]Cl.O.O.O.O,[OH-].[K+]  ,N[C@H]1[C@H](N)CCCC1,O=[N+](C(C=C1)=CC=C1OC2=CC=CC=C2)[O-],80,https://doi.org/10.1002/slct.201901031,optimization,1.0,1.5,0.1,0.2,2.0,Scheme 2,article,ullmann,phenol,nitrobenzene,N2,
397,OC1=CC=CC=C1,IC1=CC=C([N+]([O-])=O)C=C1,CC#N,24h,110,Cl[Mn]Cl.O.O.O.O,[OH-].[K+]  ,O[C@H]1[C@H](O)CCCC1,O=[N+](C(C=C1)=CC=C1OC2=CC=CC=C2)[O-],82,https://doi.org/10.1002/slct.201901031,optimization,1.0,1.5,0.1,0.2,2.0,Scheme 2,article,ullmann,phenol,nitrobenzene,N2,
398,OC1=CC=CC=C1,IC1=CC=C([N+]([O-])=O)C=C1,CC#N,24h,110,Cl[Mn]Cl.O.O.O.O,[OH-].[K+]  ,CNCCNC,O=[N+](C(C=C1)=CC=C1OC2=CC=CC=C2)[O-],88,https://doi.org/10.1002/slct.201901031,optimization,1.0,1.5,0.1,0.2,2.0,Scheme 2,article,ullmann,phenol,nitrobenzene,N2,
432,OC1=CC=CC=C1,IC1=CC=C(C(C)=O)C=C1,CC#N,65h,145,CC[Zn]CC,O=C([O-])[O-].[Cs+].[Cs+],OC(C1CCCN1)=O,O=C(C)C1=CC=C(OC2=CC=CC=C2)C=C1,70,https://doi.org/10.1002/slct.201800541,optimization,2.0,1.0,0.2,0.4,2.0,Table 1,article,ullmann,phenol,acetophenone,N2,
437,OC1=CC=CC=C1,IC1=CC=C(C(C)=O)C=C1,CC#N,65h,145,CC[Zn]CC,O=C([O-])[O-].[Cs+].[Cs+],N1(CC2)CCN2CC1,O=C(C)C1=CC=C(OC2=CC=CC=C2)C=C1,52,https://doi.org/10.1002/slct.201800541,optimization,2.0,1.0,0.2,0.4,2.0,Scheme 2,article,ullmann,phenol,acetophenone,N2,
438,OC1=CC=CC=C1,IC1=CC=C(C(C)=O)C=C1,CC#N,65h,145,CC[Zn]CC,O=C([O-])[O-].[Cs+].[Cs+],O[C@H]1[C@H](O)CCCC1,O=C(C)C1=CC=C(OC2=CC=CC=C2)C=C1,48,https://doi.org/10.1002/slct.201800541,optimization,2.0,1.0,0.2,0.4,2.0,Scheme 2,article,ullmann,phenol,acetophenone,N2,
439,OC1=CC=CC=C1,IC1=CC=C(C(C)=O)C=C1,CC#N,65h,145,CC[Zn]CC,O=C([O-])[O-].[Cs+].[Cs+],N[C@H]1[C@H](N)CCCC1,O=C(C)C1=CC=C(OC2=CC=CC=C2)C=C1,23,https://doi.org/10.1002/slct.201800541,optimization,2.0,1.0,0.2,0.4,2.0,Scheme 2,article,ullmann,phenol,acetophenone,N2,
440,OC1=CC=CC=C1,IC1=CC=C(C(C)=O)C=C1,CC#N,65h,145,CC[Zn]CC,O=C([O-])[O-].[Cs+].[Cs+],CNCCNC,O=C(C)C1=CC=C(OC2=CC=CC=C2)C=C1,31,https://doi.org/10.1002/slct.201800541,optimization,2.0,1.0,0.2,0.4,2.0,Scheme 2,article,ullmann,phenol,acetophenone,N2,
442,OC1=CC=CC=C1,IC1=CC=C(C(C)=O)C=C1,CC#N,65h,145,CC[Zn]CC,O=C([O-])[O-].[Cs+].[Cs+],CC(C(N)C(O)=O)C,O=C(C)C1=CC=C(OC2=CC=CC=C2)C=C1,38,https://doi.org/10.1002/slct.201800541,optimization,2.0,1.0,0.2,0.4,2.0,Scheme 2,article,ullmann,phenol,acetophenone,N2,
446,OC1=CC=CC=C1,IC1=CC=C(C(C)=O)C=C1,CC#N,65h,145,CC[Zn]CC,[O-]P([O-])([O-])=O.[K+].[K+].[K+],OC(C1CCCN1)=O,O=C(C)C1=CC=C(OC2=CC=CC=C2)C=C1,39,https://doi.org/10.1002/slct.201800541,optimization,2.0,1.0,0.2,0.4,2.0,Table 2,article,ullmann,phenol,acetophenone,N2,
448,OC1=CC=CC=C1,IC1=CC=C(C(C)=O)C=C1,CC#N,65h,145,CC[Zn]CC,O=C([O-])[O-].[K+].[K+],OC(C1CCCN1)=O,O=C(C)C1=CC=C(OC2=CC=CC=C2)C=C1,25,https://doi.org/10.1002/slct.201800541,optimization,2.0,1.0,0.2,0.4,2.0,Table 2,article,ullmann,phenol,acetophenone,N2,
450,OC1=CC=CC=C1,IC1=CC=C(C(C)=O)C=C1,CC#N,65h,145,CC[Zn]CC,[OH-].[K+],OC(C1CCCN1)=O,O=C(C)C1=CC=C(OC2=CC=CC=C2)C=C1,24,https://doi.org/10.1002/slct.201800541,optimization,2.0,1.0,0.2,0.4,2.0,Table 2,article,ullmann,phenol,acetophenone,N2,
452,OC1=CC=CC=C1,IC1=CC=C(C(C)=O)C=C1,CC#N,65h,145,CC[Zn]CC,CCN(CC)CC,OC(C1CCCN1)=O,O=C(C)C1=CC=C(OC2=CC=CC=C2)C=C1,8,https://doi.org/10.1002/slct.201800541,optimization,2.0,1.0,0.2,0.4,2.0,Table 2,article,ullmann,phenol,acetophenone,N2,
453,OC1=CC=CC=C1,IC1=CC=C(C(C)=O)C=C1,COC,65h,145,CC[Zn]CC,O=C([O-])[O-].[Cs+].[Cs+],OC(C1CCCN1)=O,O=C(C)C1=CC=C(OC2=CC=CC=C2)C=C1,1,https://doi.org/10.1002/slct.201800541,optimization,2.0,1.0,0.2,0.4,2.0,Table 2,article,ullmann,phenol,acetophenone,N2,
454,OC1=CC=CC=C1,IC1=CC=C(C(C)=O)C=C1,O1CCCC1,65h,145,CC[Zn]CC,O=C([O-])[O-].[Cs+].[Cs+],OC(C1CCCN1)=O,O=C(C)C1=CC=C(OC2=CC=CC=C2)C=C1,1,https://doi.org/10.1002/slct.201800541,optimization,2.0,1.0,0.2,0.4,2.0,Table 2,article,ullmann,phenol,acetophenone,N2,
455,OC1=CC=CC=C1,IC1=CC=C(C(C)=O)C=C1,C1COCCO1,65h,145,CC[Zn]CC,O=C([O-])[O-].[Cs+].[Cs+],OC(C1CCCN1)=O,O=C(C)C1=CC=C(OC2=CC=CC=C2)C=C1,0,https://doi.org/10.1002/slct.201800541,optimization,2.0,1.0,0.2,0.4,2.0,Table 2,article,ullmann,phenol,acetophenone,N2,
456,OC1=CC=CC=C1,IC1=CC=C(C(C)=O)C=C1,CC1=CC=CC=C1,65h,145,CC[Zn]CC,O=C([O-])[O-].[Cs+].[Cs+],OC(C1CCCN1)=O,O=C(C)C1=CC=C(OC2=CC=CC=C2)C=C1,0,https://doi.org/10.1002/slct.201800541,optimization,2.0,1.0,0.2,0.4,2.0,Table 2,article,ullmann,phenol,acetophenone,N2,
458,OC1=CC=CC=C1,IC1=CC=C(C(C)=O)C=C1,CCO,65h,145,CC[Zn]CC,O=C([O-])[O-].[Cs+].[Cs+],OC(C1CCCN1)=O,O=C(C)C1=CC=C(OC2=CC=CC=C2)C=C1,21,https://doi.org/10.1002/slct.201800541,optimization,2.0,1.0,0.2,0.4,2.0,Table 2,article,ullmann,phenol,acetophenone,N2,
459,OC1=CC=CC=C1,IC1=CC=C(C(C)=O)C=C1,CN(C=O)C,65h,145,CC[Zn]CC,O=C([O-])[O-].[Cs+].[Cs+],OC(C1CCCN1)=O,O=C(C)C1=CC=C(OC2=CC=CC=C2)C=C1,30,https://doi.org/10.1002/slct.201800541,optimization,2.0,1.0,0.2,0.4,2.0,Table 2,article,ullmann,phenol,acetophenone,N2,
460,OC1=CC=CC=C1,IC1=CC=C(C(C)=O)C=C1,CS(C)=O,65h,145,CC[Zn]CC,O=C([O-])[O-].[Cs+].[Cs+],OC(C1CCCN1)=O,O=C(C)C1=CC=C(OC2=CC=CC=C2)C=C1,11,https://doi.org/10.1002/slct.201800541,optimization,2.0,1.0,0.2,0.4,2.0,Table 2,article,ullmann,phenol,acetophenone,N2,
461,OC1=CC=CC=C1,IC1=CC=C(C(C)=O)C=C1,CC#N,65h,135,CC[Zn]CC,O=C([O-])[O-].[Cs+].[Cs+],OC(C1CCCN1)=O,O=C(C)C1=CC=C(OC2=CC=CC=C2)C=C1,49,https://doi.org/10.1002/slct.201800541,optimization,2.0,1.0,0.2,0.4,2.0,Table 2,article,ullmann,phenol,acetophenone,N2,
462,OC1=CC=CC=C1,IC1=CC=C(C(C)=O)C=C1,CC#N,65h,125,CC[Zn]CC,O=C([O-])[O-].[Cs+].[Cs+],OC(C1CCCN1)=O,O=C(C)C1=CC=C(OC2=CC=CC=C2)C=C1,25,https://doi.org/10.1002/slct.201800541,optimization,2.0,1.0,0.2,0.4,2.0,Table 2,article,ullmann,phenol,acetophenone,N2,
463,OC1=CC=CC=C1,IC1=CC=C(C(C)=O)C=C1,CC#N,65h,145,CC[Zn]CC,O=C([O-])[O-].[Cs+].[Cs+],OC(C1CCCN1)=O,O=C(C)C1=CC=C(OC2=CC=CC=C2)C=C1,33,https://doi.org/10.1002/slct.201800541,optimization,1.5,1.0,0.2,0.4,2.0,Table 2,article,ullmann,phenol,acetophenone,N2,
464,OC1=CC=CC=C1,IC1=CC=C(C(C)=O)C=C1,CC#N,55h,145,CC[Zn]CC,O=C([O-])[O-].[Cs+].[Cs+],OC(C1CCCN1)=O,O=C(C)C1=CC=C(OC2=CC=CC=C2)C=C1,56,https://doi.org/10.1002/slct.201800541,optimization,2.0,1.0,0.2,0.4,2.0,Table 2,article,ullmann,phenol,acetophenone,N2,
465,OC1=CC=CC=C1,IC1=CC=C(C(C)=O)C=C1,CC#N,45h,145,CC[Zn]CC,O=C([O-])[O-].[Cs+].[Cs+],OC(C1CCCN1)=O,O=C(C)C1=CC=C(OC2=CC=CC=C2)C=C1,46,https://doi.org/10.1002/slct.201800541,optimization,2.0,1.0,0.2,0.4,2.0,Table 2,article,ullmann,phenol,acetophenone,N2,
469,OC1=CC=CC=C1,IC1=CC=C(C(C)=O)C=C1,CC#N,65h,145,CC[Zn]CC,O=C([O-])[O-].[Cs+].[Cs+],OC(C1CCCN1)=O,O=C(C)C1=CC=C(OC2=CC=CC=C2)C=C1,1,https://doi.org/10.1002/slct.201800541,optimization,2.0,1.0,0.2,0.4,2.0,Table 2,article,ullmann,phenol,acetophenone,,
470,OC1=CC=CC=C1,IC1=CC=C(C(C)=O)C=C1,CC#N,65h,145,CC[Zn]CC,O=C([O-])[O-].[Cs+].[Cs+],OC(C1CCCN1)=O,O=C(C)C1=CC=C(OC2=CC=CC=C2)C=C1,36,https://doi.org/10.1002/slct.201800541,optimization,2.0,1.0,0.3,0.6,2.0,Table 3,article,ullmann,phenol,acetophenone,N2,
471,OC1=CC=CC=C1,IC1=CC=C(C(C)=O)C=C1,CC#N,65h,145,CC[Zn]CC,O=C([O-])[O-].[Cs+].[Cs+],OC(C1CCCN1)=O,O=C(C)C1=CC=C(OC2=CC=CC=C2)C=C1,48,https://doi.org/10.1002/slct.201800541,optimization,2.0,1.0,0.25,0.5,2.0,Table 3,article,ullmann,phenol,acetophenone,N2,
472,OC1=CC=CC=C1,IC1=CC=C(C(C)=O)C=C1,CC#N,65h,145,CC[Zn]CC,O=C([O-])[O-].[Cs+].[Cs+],OC(C1CCCN1)=O,O=C(C)C1=CC=C(OC2=CC=CC=C2)C=C1,61,https://doi.org/10.1002/slct.201800541,optimization,2.0,1.0,0.15,0.3,2.0,Table 3,article,ullmann,phenol,acetophenone,N2,
473,OC1=CC=CC=C1,IC1=CC=C(C(C)=O)C=C1,CC#N,65h,145,CC[Zn]CC,O=C([O-])[O-].[Cs+].[Cs+],OC(C1CCCN1)=O,O=C(C)C1=CC=C(OC2=CC=CC=C2)C=C1,56,https://doi.org/10.1002/slct.201800541,optimization,2.0,1.0,0.1,0.2,2.0,Table 3,article,ullmann,phenol,acetophenone,N2,
477,OC1=CC=CC=C1,IC1=CC=C([N+]([O-])=O)C=C1,CC#N,65h,120,CC[Zn]CC,O=C([O-])[O-].[Cs+].[Cs+],OC(C1CCCN1)=O,O=[N+](C(C=C1)=CC=C1OC2=CC=CC=C2)[O-],33,https://doi.org/10.1002/slct.201800541,scope,2.0,1.0,0.2,0.4,2.0,Scheme 3,article,ullmann,phenol,nitrobenzene,N2,
495,CC1(C)COB(C2=CC=CC=C2)OC1,ClC1=CC=CC=N1,O1CCCC1,16 h,60,Cl[Co]Cl,C[O-].[K+],C1(C2=CC(C3=CC=CC=C3)=CC(C4=NC=CC=C4)=N2)=CC=CC=N1,C1(C2=CC=CC=C2)=CC=CC=N1,90,https://doi.org/10.1021/acs.organomet.7b00726,optimization,1.0,1.5,0.12,0.12,1.5,Table 1,article,suzuki,borinane,pyridine,Ar,
496,CC1(C)COB(C2=CC=CC=C2)OC1,ClC1=CC=CC=N1,CN(C=O)C,16 h,60,Cl[Co]Cl,C[O-].[K+],C1(C2=CC(C3=CC=CC=C3)=CC(C4=NC=CC=C4)=N2)=CC=CC=N1,C1(C2=CC=CC=C2)=CC=CC=N1,94,https://doi.org/10.1021/acs.organomet.7b00726,optimization,1.0,1.5,0.12,0.12,1.5,Table 1,article,suzuki,borinane,pyridine,Ar,
497,CC1(C)COB(C2=CC=CC=C2)OC1,ClC1=CC=CC=N1,CN(C=O)C,16 h,80,Cl[Co]Cl,C[O-].[K+],C1(C2=CC(C3=CC=CC=C3)=CC(C4=NC=CC=C4)=N2)=CC=CC=N1,C1(C2=CC=CC=C2)=CC=CC=N1,93,https://doi.org/10.1021/acs.organomet.7b00726,optimization,1.0,1.5,0.05,0.05,1.5,Table 1,article,suzuki,borinane,pyridine,Ar,
498,CC1(C)COB(C2=CC=CC=C2)OC1,ClC1=CC=CC=N1,CN(C=O)C,16 h,60,Cl[Co]Cl,C[O-].[K+],C1(C2=CC(C3=CC=CC=C3)=CC(C4=NC=CC=C4)=N2)=CC=CC=N1,C1(C2=CC=CC=C2)=CC=CC=N1,46,https://doi.org/10.1021/acs.organomet.7b00726,optimization,1.0,1.5,0.12,0.12,0.5,Table 1,article,suzuki,borinane,pyridine,Ar,
501,CC1(C)COB(C2=CC=CC=C2)OC1,ClC1=CC=CC=N1,CN(C=O)C,16 h,60,Cl[Co]Cl,C[O-].[K+],C1(C2=CC(C3=CC=CC=C3)=CC(C4=NC=CC=C4)=N2)=CC=CC=N1,C1(C2=CC=CC=C2)=CC=CC=N1,0,https://doi.org/10.1021/acs.organomet.7b00726,optimization,1.0,1.5,0.12,0.12,1.5,Table 1,article,suzuki,borinane,pyridine,Ar,
507,CC1(C)COB(C2=CC=CC=C2)OC1,ClC1=CC=CC=N1,CN(C=O)C,16 h,80,Cl[Co]Cl,C[O-].[K+],C1(C2=CC(C3=CC=CC=C3)=CC(C4=NC=CC=C4)=N2)=CC=CC=N1,C1(C2=CC=CC=C2)=CC=CC=N1,92,https://doi.org/10.1021/acs.organomet.7b00726,scope,1.0,1.5,0.05,0.05,1.5,Table 2,article,suzuki,borinane,pyridine,Ar,
515,CC1(C)COB(C2=CC=CC=C2)OC1,ClC1=CC=CC=N1,CN(C=O)C,16 h,80,Cl[Co]Cl,C[O-].[K+],C1(C2=CC(C3=CC=CC=C3)=CC(C4=NC=CC=C4)=N2)=CC=CC=N1,C1(C2=CC=CC=C2)=CC=CC=N1,91,https://doi.org/10.1021/acs.organomet.7b00726,scope,1.0,1.5,0.05,0.05,1.5,Table 3,article,suzuki,borinane,pyridine,Ar,
555,SC1=CC=CC=C1,IC1=CC=C(OC)C=C1,COCCOC,12h,80,[Cu]I,O=C([O-])[O-].[K+].[K+],NCCN,COC(C=C1)=CC=C1SC2=CC=CC=C2,8,https://doi.org/10.1016/j.poly.2019.114269,optimization,1.0,1.2,0.1,0.2,2.0,table 1,article ,ullmann,benzenethiol,anisole,N2,
558,SC1=CC=CC=C1,IC1=CC=C(OC)C=C1,COCCOC,12h,80,[Cu]I,O=C([O-])[O-].[K+].[K+],N1(CC2)CCN2CC1,COC(C=C1)=CC=C1SC2=CC=CC=C2,34,https://doi.org/10.1016/j.poly.2019.114269,optimization,1.0,1.2,0.1,0.2,2.0,table 1,article ,ullmann,benzenethiol,anisole,N2,
559,SC1=CC=CC=C1,IC1=CC=C(OC)C=C1,COCCOC,12h,120,[Cu]I,O=C([O-])[O-].[K+].[K+],N1(CC2)CCN2CC1,COC(C=C1)=CC=C1SC2=CC=CC=C2,98,https://doi.org/10.1016/j.poly.2019.114269,optimization,1.0,1.2,0.1,0.2,2.0,table 1,article ,ullmann,benzenethiol,anisole,N2,
560,SC1=CC=CC=C1,IC1=CC=C(OC)C=C1,COCCOC,12h,rt,[Cu]I,O=C([O-])[O-].[K+].[K+],N1(CC2)CCN2CC1,COC(C=C1)=CC=C1SC2=CC=CC=C2,0,https://doi.org/10.1016/j.poly.2019.114269,optimization,1.0,1.2,0.1,0.2,2.0,table 1,article ,ullmann,benzenethiol,anisole,N2,
561,SC1=CC=CC=C1,IC1=CC=C(OC)C=C1,CC#N,12h,120,[Cu]I,O=C([O-])[O-].[K+].[K+],N1(CC2)CCN2CC1,COC(C=C1)=CC=C1SC2=CC=CC=C2,93,https://doi.org/10.1016/j.poly.2019.114269,optimization,1.0,1.2,0.1,0.2,2.0,table 2,article ,ullmann,benzenethiol,anisole,N2,
562,SC1=CC=CC=C1,IC1=CC=C(OC)C=C1,O,12h,120,[Cu]I,O=C([O-])[O-].[K+].[K+],N1(CC2)CCN2CC1,COC(C=C1)=CC=C1SC2=CC=CC=C2,31,https://doi.org/10.1016/j.poly.2019.114269,optimization,1.0,1.2,0.1,0.2,2.0,table 2,article ,ullmann,benzenethiol,anisole,N2,
563,SC1=CC=CC=C1,IC1=CC=C(OC)C=C1,CC1=CC=CC=C1,12h,120,[Cu]I,O=C([O-])[O-].[K+].[K+],N1(CC2)CCN2CC1,COC(C=C1)=CC=C1SC2=CC=CC=C2,45,https://doi.org/10.1016/j.poly.2019.114269,optimization,1.0,1.2,0.1,0.2,2.0,table 2,article ,ullmann,benzenethiol,anisole,N2,
564,SC1=CC=CC=C1,IC1=CC=C(OC)C=C1,CN(C=O)C,12h,120,[Cu]I,O=C([O-])[O-].[K+].[K+],N1(CC2)CCN2CC1,COC(C=C1)=CC=C1SC2=CC=CC=C2,53,https://doi.org/10.1016/j.poly.2019.114269,optimization,1.0,1.2,0.1,0.2,2.0,table 2,article ,ullmann,benzenethiol,anisole,N2,
565,SC1=CC=CC=C1,IC1=CC=C(OC)C=C1,O1CCCC1,12h,120,[Cu]I,O=C([O-])[O-].[K+].[K+],N1(CC2)CCN2CC1,COC(C=C1)=CC=C1SC2=CC=CC=C2,93,https://doi.org/10.1016/j.poly.2019.114269,optimization,1.0,1.2,0.1,0.2,2.0,table 2,article ,ullmann,benzenethiol,anisole,N2,
566,SC1=CC=CC=C1,IC1=CC=C(OC)C=C1,CS(C)=O,12h,120,[Cu]I,O=C([O-])[O-].[K+].[K+],N1(CC2)CCN2CC1,COC(C=C1)=CC=C1SC2=CC=CC=C2,59,https://doi.org/10.1016/j.poly.2019.114269,optimization,1.0,1.2,0.1,0.2,2.0,table 2,article ,ullmann,benzenethiol,anisole,N2,
567,SC1=CC=CC=C1,IC1=CC=C(OC)C=C1,CC(C)(O)C,12h,120,[Cu]I,O=C([O-])[O-].[K+].[K+],N1(CC2)CCN2CC1,COC(C=C1)=CC=C1SC2=CC=CC=C2,65,https://doi.org/10.1016/j.poly.2019.114269,optimization,1.0,1.2,0.1,0.2,2.0,table 2,article ,ullmann,benzenethiol,anisole,N2,
569,SC1=CC=CC=C1,IC1=CC=C(OC)C=C1,COCCOC,12h,120,[Cu]I,[O-]P([O-])([O-])=O.[K+].[K+].[K+],N1(CC2)CCN2CC1,COC(C=C1)=CC=C1SC2=CC=CC=C2,80,https://doi.org/10.1016/j.poly.2019.114269,optimization,1.0,1.2,0.1,0.2,2.0,table 2,article ,ullmann,benzenethiol,anisole,N2,
572,SC1=CC=CC=C1,IC1=CC=C(OC)C=C1,COCCOC,12h,120,[Cu]I,CCN(CC)CC,N1(CC2)CCN2CC1,COC(C=C1)=CC=C1SC2=CC=CC=C2,96,https://doi.org/10.1016/j.poly.2019.114269,optimization,1.0,1.2,0.1,0.2,2.0,table 2,article ,ullmann,benzenethiol,anisole,N2,
574,SC1=CC=CC=C1,IC1=CC=C(OC)C=C1,COCCOC,12h,120,[Cu]I,O=C([O-])[O-].[K+].[K+],N1(CC2)CCN2CC1,COC(C=C1)=CC=C1SC2=CC=CC=C2,85,https://doi.org/10.1016/j.poly.2019.114269,optimization,1.0,1.2,0.1,0.2,2.0,table 2,article ,ullmann,benzenethiol,anisole,N2,
577,SC1=CC=CC=C1,IC1=CC=C(OC)C=C1,COCCOC,12h,120,[Cu]I,O=C([O-])[O-].[K+].[K+],N1(CC2)CCN2CC1,COC(C=C1)=CC=C1SC2=CC=CC=C2,69,https://doi.org/10.1016/j.poly.2019.114269,optimization,1.0,1.2,0.05,0.1,2.0,table 3,article ,ullmann,benzenethiol,anisole,N2,
578,SC1=CC=CC=C1,IC1=CC=C(OC)C=C1,COCCOC,12h,120,[Cu]I,O=C([O-])[O-].[K+].[K+],N1(CC2)CCN2CC1,COC(C=C1)=CC=C1SC2=CC=CC=C2,1,https://doi.org/10.1016/j.poly.2019.114269,optimization,1.0,1.2,0.05,0.1,2.0,table 3,article ,ullmann,benzenethiol,anisole,,
579,SC1=CC=CC=C1,IC1=CC=C(OC)C=C1,COCCOC,12h,120,[Cu]I,O=C([O-])[O-].[K+].[K+],N1(CC2)CCN2CC1,COC(C=C1)=CC=C1SC2=CC=CC=C2,98,https://doi.org/10.1016/j.poly.2019.114269,optimization,1.0,1.2,0.05,0.1,2.0,table 3,article ,ullmann,benzenethiol,anisole,N2,
580,SC1=CC=CC=C1,BrC(C=C1)=CC=C1OC,COCCOC,12h,120,[Cu]I,O=C([O-])[O-].[K+].[K+],N1(CC2)CCN2CC1,COC(C=C1)=CC=C1SC2=CC=CC=C2,60,https://doi.org/10.1016/j.poly.2019.114269,scope,1.0,1.2,0.05,0.1,2.0,scheme 1,article ,ullmann,benzenethiol,anisole,N2,
594,SC1=CC=CC=C1,IC1=CC=C([N+]([O-])=O)C=C1,COCCOC,12h,120,[Cu]I,O=C([O-])[O-].[K+].[K+],N1(CC2)CCN2CC1,O=[N+](C(C=C1)=CC=C1OC2=CC=CC=C2)[O-],90,https://doi.org/10.1016/j.poly.2019.114269,scope,1.0,1.2,0.05,0.1,2.0,scheme 1,article ,ullmann,benzenethiol,nitrobenzene,N2,
620,C#CC1=CC=CC=C1,IC1=CC=C(C)C=C1,O,24h,110,[Cu]I,[OH-].[Na+]  ,C12=CC=C3C(N=CC=C3)=C1N=CC=C2,CC1=CC=C(C#CC2=CC=CC=C2)C=C1,72,DOI: 10.1055/s-0030-1259542,optimization,2.0,1.0,0.1,0.2,2.0,table 1,article,sonogashira,aryl acetylene,toluene,N2,0.2
621,C#CC1=CC=CC=C1,IC1=CC=C(C)C=C1,O,24h,110,[Cu]I,[OH-].[Na+]  ,OC(C1CCCN1)=O,CC1=CC=C(C#CC2=CC=CC=C2)C=C1,44,DOI: 10.1055/s-0030-1259542,optimization,2.0,1.0,0.1,0.2,2.0,table 1,article,sonogashira,aryl acetylene,toluene,N2,0.2
622,C#CC1=CC=CC=C1,IC1=CC=C(C)C=C1,O,24h,110,[Cu]I,[OH-].[Na+]  ,CNCCNC,CC1=CC=C(C#CC2=CC=CC=C2)C=C1,60,DOI: 10.1055/s-0030-1259542,optimization,2.0,1.0,0.1,0.2,2.0,table 1,article,sonogashira,aryl acetylene,toluene,N2,0.2
627,C#CC1=CC=CC=C1,IC1=CC=C(C)C=C1,O,24h,110,[Cu]I,O=C([O-])[O-].[K+].[K+],C12=CC=C3C(N=CC=C3)=C1N=CC=C2,CC1=CC=C(C#CC2=CC=CC=C2)C=C1,30,DOI: 10.1055/s-0030-1259542,optimization,2.0,1.0,0.1,0.2,2.0,table 1,article,sonogashira,aryl acetylene,toluene,N2,0.2
628,C#CC1=CC=CC=C1,IC1=CC=C(C)C=C1,O,24h,110,[Cu]I,O=C([O-])[O-].[Cs+].[Cs+],C12=CC=C3C(N=CC=C3)=C1N=CC=C2,CC1=CC=C(C#CC2=CC=CC=C2)C=C1,35,DOI: 10.1055/s-0030-1259542,optimization,2.0,1.0,0.1,0.2,2.0,table 1,article,sonogashira,aryl acetylene,toluene,N2,0.2
629,C#CC1=CC=CC=C1,IC1=CC=C(C)C=C1,O,24h,120,[Cu]I,[OH-].[Na+]  ,C12=CC=C3C(N=CC=C3)=C1N=CC=C2,CC1=CC=C(C#CC2=CC=CC=C2)C=C1,77,DOI: 10.1055/s-0030-1259542,optimization,2.0,1.0,0.1,0.2,2.0,table 1,article,sonogashira,aryl acetylene,toluene,N2,0.2
630,C#CC1=CC=CC=C1,IC1=CC=C(C)C=C1,O,24h,120,[Cu]Br,[OH-].[Na+]  ,C12=CC=C3C(N=CC=C3)=C1N=CC=C2,CC1=CC=C(C#CC2=CC=CC=C2)C=C1,83,DOI: 10.1055/s-0030-1259542,optimization,2.0,1.0,0.1,0.2,2.0,table 1,article,sonogashira,aryl acetylene,toluene,N2,0.2
633,C#CC1=CC=CC=C1,IC1=CC=C(C)C=C1,O,24h,120,[Cu]Br,[OH-].[Na+]  ,C12=CC=C3C(N=CC=C3)=C1N=CC=C2,CC1=CC=C(C#CC2=CC=CC=C2)C=C1,63,DOI: 10.1055/s-0030-1259542,optimization,2.0,1.0,0.1,0.2,2.0,table 1,article,sonogashira,aryl acetylene,toluene,N2,
634,C#CC1=CC=CC=C1,IC1=CC=CC=C1,O,24h,120,[Cu]Br,[OH-].[Na+]  ,C12=CC=C3C(N=CC=C3)=C1N=CC=C2,C1(C#CC2=CC=CC=C2)=CC=CC=C1,80,DOI: 10.1055/s-0030-1259542,scope,2.0,1.0,0.1,0.2,2.0,table 2,article,sonogashira,aryl acetylene,benzene,N2,0.2
642,C#CC1=CC=CC=C1,IC1=CC=C(OC)C=C1,O,24h,120,[Cu]Br,[OH-].[Na+]  ,C12=CC=C3C(N=CC=C3)=C1N=CC=C2,COC2=CC=C(C=C2)C#CC1=CC=CC=C1,72,DOI: 10.1055/s-0030-1259542,scope,2.0,1.0,0.1,0.2,2.0,table 2,article,sonogashira,aryl acetylene,anisole,N2,0.8
660,C#CC1=CC=CC=C1,IC1=CC=C(OC)C=C1,CN(C=O)C,6h,142.5,[Cu]I,O=C([O-])[O-].[K+].[K+],C12=CC=CC=C1C=CC(NCC3=CC=CC=C3)=C2C4=C(C=CC=C5)C5=CC=C4NCC6=CC=CC=C6,COC2=CC=C(C=C2)C#CC1=CC=CC=C1,99,https://doi.org/10.1016/j.tetlet.2009.03.146,optimization,1.5,1.0,0.2,0.2,3.0,table 1,article,sonogashira,aryl acetylene,anisole,,
665,C#CC1=CC=CC=C1,IC1=CC=C(OC)C=C1,CN(C=O)C,24h,142.5,[Cu]Br,O=C([O-])[O-].[K+].[K+],C12=CC=CC=C1C=CC(NCC3=CC=CC=C3)=C2C4=C(C=CC=C5)C5=CC=C4NCC6=CC=CC=C6,COC2=CC=C(C=C2)C#CC1=CC=CC=C1,96,https://doi.org/10.1016/j.tetlet.2009.03.146,optimization,1.5,1.0,0.2,0.2,3.0,table 2,article,sonogashira,aryl acetylene,anisole,,
668,C#CC1=CC=CC=C1,IC1=CC=C(OC)C=C1,CS(C)=O,24h,142.5,[Cu]I,O=C([O-])[O-].[K+].[K+],C12=CC=CC=C1C=CC(NCC3=CC=CC=C3)=C2C4=C(C=CC=C5)C5=CC=C4NCC6=CC=CC=C6,COC2=CC=C(C=C2)C#CC1=CC=CC=C1,85,https://doi.org/10.1016/j.tetlet.2009.03.146,optimization,1.5,1.0,0.2,0.2,3.0,table 2,article,sonogashira,aryl acetylene,anisole,,
669,C#CC1=CC=CC=C1,IC1=CC=C(OC)C=C1,CC#N,24h,142.5,[Cu]I,O=C([O-])[O-].[K+].[K+],C12=CC=CC=C1C=CC(NCC3=CC=CC=C3)=C2C4=C(C=CC=C5)C5=CC=C4NCC6=CC=CC=C6,COC2=CC=C(C=C2)C#CC1=CC=CC=C1,20,https://doi.org/10.1016/j.tetlet.2009.03.146,optimization,1.5,1.0,0.2,0.2,3.0,table 2,article,sonogashira,aryl acetylene,anisole,,
670,C#CC1=CC=CC=C1,IC1=CC=C(OC)C=C1,C1COCCO1,24h,142.5,[Cu]I,O=C([O-])[O-].[K+].[K+],C12=CC=CC=C1C=CC(NCC3=CC=CC=C3)=C2C4=C(C=CC=C5)C5=CC=C4NCC6=CC=CC=C6,COC2=CC=C(C=C2)C#CC1=CC=CC=C1,29,https://doi.org/10.1016/j.tetlet.2009.03.146,optimization,1.5,1.0,0.2,0.2,3.0,table 2,article,sonogashira,aryl acetylene,anisole,,
672,C#CC1=CC=CC=C1,IC1=CC=C(OC)C=C1,CC1=CC=CC=C1,24h,142.5,[Cu]I,O=C([O-])[O-].[K+].[K+],C12=CC=CC=C1C=CC(NCC3=CC=CC=C3)=C2C4=C(C=CC=C5)C5=CC=C4NCC6=CC=CC=C6,COC2=CC=C(C=C2)C#CC1=CC=CC=C1,0,https://doi.org/10.1016/j.tetlet.2009.03.146,optimization,1.5,1.0,0.2,0.2,3.0,table 2,article,sonogashira,aryl acetylene,anisole,,
674,C#CC1=CC=CC=C1,IC1=CC=C(OC)C=C1,CN(C=O)C,24h,142.5,[Cu]I,O=C([O-])[O-].[Cs+].[Cs+],C12=CC=CC=C1C=CC(NCC3=CC=CC=C3)=C2C4=C(C=CC=C5)C5=CC=C4NCC6=CC=CC=C6,COC2=CC=C(C=C2)C#CC1=CC=CC=C1,50,https://doi.org/10.1016/j.tetlet.2009.03.146,optimization,1.5,1.0,0.2,0.2,3.0,table 2,article,sonogashira,aryl acetylene,anisole,,
675,C#CC1=CC=CC=C1,IC1=CC=C(OC)C=C1,CN(C=O)C,24h,142.5,[Cu]I,[O-]P([O-])([O-])=O.[K+].[K+].[K+],C12=CC=CC=C1C=CC(NCC3=CC=CC=C3)=C2C4=C(C=CC=C5)C5=CC=C4NCC6=CC=CC=C6,COC2=CC=C(C=C2)C#CC1=CC=CC=C1,23,https://doi.org/10.1016/j.tetlet.2009.03.146,optimization,1.5,1.0,0.2,0.2,3.0,table 2,article,sonogashira,aryl acetylene,anisole,,
676,CC1=CC=C(C#C)C=C1,IC1=CC=CC=C1,CN(C=O)C,20h,142.5,[Cu]I,O=C([O-])[O-].[K+].[K+],C12=CC=CC=C1C=CC(NCC3=CC=CC=C3)=C2C4=C(C=CC=C5)C5=CC=C4NCC6=CC=CC=C6,CC1=CC=C(C#CC2=CC=CC=C2)C=C1,75,https://doi.org/10.1016/j.tetlet.2009.03.146,scope,1.5,1.0,0.2,0.2,3.0,table 3,article,sonogashira,ethynylmethylbenzene,benzene,,
677,C#CC1=CC=CC=C1,IC1=CC=CC=C1,CN(C=O)C,6h,142.5,[Cu]I,O=C([O-])[O-].[K+].[K+],C12=CC=CC=C1C=CC(NCC3=CC=CC=C3)=C2C4=C(C=CC=C5)C5=CC=C4NCC6=CC=CC=C6,C1(C#CC2=CC=CC=C2)=CC=CC=C1,90,https://doi.org/10.1016/j.tetlet.2009.03.146,scope,1.5,1.0,0.2,0.2,3.0,table 3,article,sonogashira,aryl acetylene,benzene,,
679,C#CC1=CC=CC=C1,IC1=CC=C(C)C=C1,CN(C=O)C,6h,142.5,[Cu]I,O=C([O-])[O-].[K+].[K+],C12=CC=CC=C1C=CC(NCC3=CC=CC=C3)=C2C4=C(C=CC=C5)C5=CC=C4NCC6=CC=CC=C6,CC1=CC=C(C#CC2=CC=CC=C2)C=C1,79,https://doi.org/10.1016/j.tetlet.2009.03.146,scope,1.5,1.0,0.2,0.2,3.0,table 3,article,sonogashira,aryl acetylene,toluene,,
742,C1=CC=CC=C1,BrC(C=C1)=CC=C1OC,C1=CC=CC=C1,48,80,Cl[Fe](Cl)Cl,C[Si](C)(C)N([Li])[Si](C)(C)C,NCCN,COC1=CC=C(C=C1)C2=CC=CC=C2,14,DOI: 10.1002/anie.200906870,scope,,1.0,0.2,,3.0,table1,article,,benzene,anisole,Ar,
743,C1=CC=CC=C1,BrC(C=C1)=CC=C1OC,C1=CC=CC=C1,48,80,Cl[Fe](Cl)Cl,C[Si](C)(C)N([Li])[Si](C)(C)C,OC(C1CCCN1)=O,COC1=CC=C(C=C1)C2=CC=CC=C2,21,DOI: 10.1002/anie.200906870,scope,,1.0,0.2,,3.0,table1,article,,benzene,anisole,Ar,
745,C1=CC=CC=C1,BrC(C=C1)=CC=C1OC,C1=CC=CC=C1,48,80,Cl[Fe](Cl)Cl,C[Si](C)(C)N([Li])[Si](C)(C)C,CNCCNC,COC1=CC=C(C=C1)C2=CC=CC=C2,66,DOI: 10.1002/anie.200906870,scope,,1.0,0.2,0.3,3.0,table1,article,,benzene,anisole,Ar,
746,C1=CC=CC=C1,BrC(C=C1)=CC=C1OC,C1=CC=CC=C1,48,80,Cl[Fe](Cl)Cl,C[Si](C)(C)N([Li])[Si](C)(C)C,CNCCNC,COC1=CC=C(C=C1)C2=CC=CC=C2,75,DOI: 10.1002/anie.200906870,scope,,1.0,0.2,0.3,3.0,table1,article,,benzene,anisole,Ar,
747,C1=CC=CC=C1,BrC(C=C1)=CC=C1OC,C1=CC=CC=C1,48,80,Cl[Fe](Cl)Cl,C[Si](C)(C)N([Li])[Si](C)(C)C,CNCCNC,COC1=CC=C(C=C1)C2=CC=CC=C2,66,DOI: 10.1002/anie.200906870,scope,,1.0,0.2,0.3,3.0,table1,article,,benzene,anisole,Ar,
748,C1=CC=CC=C1,BrC(C=C1)=CC=C1OC,C1=CC=CC=C1,48,80,Cl[Fe](Cl)Cl,C[Si](C)(C)N([Li])[Si](C)(C)C,CNCCNC,COC1=CC=C(C=C1)C2=CC=CC=C2,79,DOI: 10.1002/anie.200906870,scope,,1.0,0.15,0.3,3.0,table1,article,,benzene,anisole,Ar,
749,C1=CC=CC=C1,BrC(C=C1)=CC=C1OC,C1=CC=CC=C1,48,80,Cl[Fe](Cl)Cl,C[Si](C)(C)N([Li])[Si](C)(C)C,CNCCNC,COC1=CC=C(C=C1)C2=CC=CC=C2,66,DOI: 10.1002/anie.200906870,scope,,1.0,0.1,0.3,3.0,table1,article,,benzene,anisole,Ar,
756,C1=CC=CC=C1,BrC(C=C1)=CC=C1OC,C1=CC=CC=C1,48,80,Cl[Fe](Cl)Cl,C[Si](C)(C)N([Li])[Si](C)(C)C,CNCCNC,COC1=CC=C(C=C1)C2=CC=CC=C2,81,DOI: 10.1002/anie.200906870,scope,,1.0,0.15,0.3,2.0,table2,article,,benzene,anisole,Ar,
806,SC1=CC=CC=C1,IC1=CC=C(C(C)=O)C=C1,COC,20,80,CC[Zn]CC,C(=O)([O-])[O-].[K+].[K+] ,OC(C1CCCN1)=O,O=C(C)C1=CC=C(SC2=CC=CC=C2)C=C1,54,doi.org/10.1039/C5RA03869C,optimization,2.2,2.0,0.08,0.16,2.0,table3,article,ullmann,benzenethiol,acetophenone,N2,
807,SC1=CC=CC=C1,IC1=CC=C(C(C)=O)C=C1,O1CCCC1,20,80,CC[Zn]CC,C(=O)([O-])[O-].[K+].[K+] ,OC(C1CCCN1)=O,O=C(C)C1=CC=C(SC2=CC=CC=C2)C=C1,34,doi.org/10.1039/C5RA03869C,optimization,2.2,2.0,0.08,0.16,2.0,table3,article,ullmann,benzenethiol,acetophenone,N2,
808,SC1=CC=CC=C1,IC1=CC=C(C(C)=O)C=C1,CC#N,20,80,CC[Zn]CC,C(=O)([O-])[O-].[K+].[K+] ,OC(C1CCCN1)=O,O=C(C)C1=CC=C(SC2=CC=CC=C2)C=C1,81,doi.org/10.1039/C5RA03869C,optimization,2.2,2.0,0.08,0.16,2.0,table3,article,ullmann,benzenethiol,acetophenone,N2,
809,SC1=CC=CC=C1,IC1=CC=C(C(C)=O)C=C1,CN(C=O)C,20,80,CC[Zn]CC,C(=O)([O-])[O-].[K+].[K+] ,OC(C1CCCN1)=O,O=C(C)C1=CC=C(SC2=CC=CC=C2)C=C1,0,doi.org/10.1039/C5RA03869C,optimization,2.2,2.0,0.08,0.16,2.0,table3,article,ullmann,benzenethiol,acetophenone,N2,
811,SC1=CC=CC=C1,IC1=CC=C(C(C)=O)C=C1,CS(C)=O,20,80,CC[Zn]CC,C(=O)([O-])[O-].[K+].[K+] ,OC(C1CCCN1)=O,O=C(C)C1=CC=C(SC2=CC=CC=C2)C=C1,0,doi.org/10.1039/C5RA03869C,optimization,2.2,2.0,0.08,0.16,2.0,table3,article,ullmann,benzenethiol,acetophenone,N2,
812,SC1=CC=CC=C1,IC1=CC=C(C(C)=O)C=C1,CC1=CC=CC=C1,20,80,CC[Zn]CC,C(=O)([O-])[O-].[K+].[K+] ,OC(C1CCCN1)=O,O=C(C)C1=CC=C(SC2=CC=CC=C2)C=C1,0,doi.org/10.1039/C5RA03869C,optimization,2.2,2.0,0.08,0.16,2.0,table3,article,ullmann,benzenethiol,acetophenone,N2,
813,SC1=CC=CC=C1,IC1=CC=C(C(C)=O)C=C1,C1COCCO1,20,80,CC[Zn]CC,C(=O)([O-])[O-].[K+].[K+] ,OC(C1CCCN1)=O,O=C(C)C1=CC=C(SC2=CC=CC=C2)C=C1,0,doi.org/10.1039/C5RA03869C,optimization,2.2,2.0,0.08,0.16,2.0,table3,article,ullmann,benzenethiol,acetophenone,N2,
814,SC1=CC=CC=C1,IC1=CC=C(C(C)=O)C=C1,COC,20,80,CC[Zn]CC,O=C([O-])[O-].[Cs+].[Cs+],OC(C1CCCN1)=O,O=C(C)C1=CC=C(SC2=CC=CC=C2)C=C1,75,doi.org/10.1039/C5RA03869C,optimization,2.2,2.0,0.08,0.16,2.0,table3,article,ullmann,benzenethiol,acetophenone,N2,
817,SC1=CC=CC=C1,IC1=CC=C(C(C)=O)C=C1,COC,20,80,CC[Zn]CC,CCN(CC)CC,OC(C1CCCN1)=O,O=C(C)C1=CC=C(SC2=CC=CC=C2)C=C1,0,doi.org/10.1039/C5RA03869C,optimization,2.2,2.0,0.08,0.16,2.0,table3,article,ullmann,benzenethiol,acetophenone,N2,
822,SC1=CC=CC=C1,IC1=CC=C(C(C)=O)C=C1,CC#N,20,80,CC[Zn]CC, CC(C)(C)[O-].[Na+]  ,OC(C1CCCN1)=O,O=C(C)C1=CC=C(SC2=CC=CC=C2)C=C1,95,doi.org/10.1039/C5RA03869C,optimization,2.2,2.0,0.08,0.16,2.0,table3,article,ullmann,benzenethiol,acetophenone,N2,
823,SC1=CC=CC=C1,IC1=CC=C(C(C)=O)C=C1,CC#N,20,0,CC[Zn]CC, CC(C)(C)[O-].[Na+]  ,OC(C1CCCN1)=O,O=C(C)C1=CC=C(SC2=CC=CC=C2)C=C1,0,doi.org/10.1039/C5RA03869C,optimization,2.2,2.0,0.08,0.16,2.0,table3,article,ullmann,benzenethiol,acetophenone,N2,
824,SC1=CC=CC=C1,IC1=CC=C(C(C)=O)C=C1,CC#N,20,,CC[Zn]CC, CC(C)(C)[O-].[Na+]  ,OC(C1CCCN1)=O,O=C(C)C1=CC=C(SC2=CC=CC=C2)C=C1,0,doi.org/10.1039/C5RA03869C,optimization,2.2,2.0,0.08,0.16,2.0,table3,article,ullmann,benzenethiol,acetophenone,N2,
825,SC1=CC=CC=C1,IC1=CC=C(C(C)=O)C=C1,CC#N,20,125,CC[Zn]CC, CC(C)(C)[O-].[Na+]  ,OC(C1CCCN1)=O,O=C(C)C1=CC=C(SC2=CC=CC=C2)C=C1,54,doi.org/10.1039/C5RA03869C,optimization,2.2,2.0,0.08,0.16,2.0,table3,article,ullmann,benzenethiol,acetophenone,N2,
826,SC1=CC=CC=C1,IC1=CC=C(C(C)=O)C=C1,CC#N,20,80,CC[Zn]CC, CC(C)(C)[O-].[Na+]  ,OC(C1CCCN1)=O,O=C(C)C1=CC=C(SC2=CC=CC=C2)C=C1,43,doi.org/10.1039/C5RA03869C,optimization,2.2,2.0,0.08,0.16,1.5,table3,article,ullmann,benzenethiol,acetophenone,N2,
830,SC1=CC=CC=C1,IC1=CC=C(C(C)=O)C=C1,CC#N,20,80,CC[Zn]CC, CC(C)(C)[O-].[Na+]  ,OC(C1CCCN1)=O,O=C(C)C1=CC=C(SC2=CC=CC=C2)C=C1,1,doi.org/10.1039/C5RA03869C,optimization,2.2,2.0,0.08,0.16,2.0,table3,article,ullmann,benzenethiol,acetophenone,,
836,SC1=CC=CC=C1,IC1=CC=C(OC)C=C1,CC#N,20,80,CC[Zn]CC, CC(C)(C)[O-].[Na+]  ,OC(C1CCCN1)=O,O=C(C)C1=CC=C(SC2=CC=CC=C2)C=C1,61,doi.org/10.1039/C5RA03869C,optimization,2.2,2.0,0.08,0.16,2.0,table4,article,ullmann,benzenethiol,anisole,N2,
870,C#CC1=CC=CC=C1,IC1=CC=CC=C1,C1COCCO1,22,135,[Cu]I,O=C([O-])[O-].[Cs+].[Cs+],CNCCNC,C1(C#CC2=CC=CC=C2)=CC=CC=C1,98,doi.org/10.1002/chem.201300480,scope,2.0,3.0,0.005,0.6,4.0,table 1,article,Sonogashira-Hagihara Type Cross coupling,aryl acetylene,benzene,,
877,C#CC1=CC=CC=C1,IC1=CC=CC=C1,C1COCCO1,22,135,C[N@@]1([H])CC[N@@]([H])([Cu]12[N@@](C)([H])CC[N@]([H])2C)C.[Cl].[Cl],O=C([O-])[O-].[Cs+].[Cs+],CNCCNC,C1(C#CC2=CC=CC=C2)=CC=CC=C1,90,doi.org/10.1002/chem.201300480,scope,2.0,3.0,0.005,0.6,4.0,table 1,article,Sonogashira-Hagihara Type Cross coupling,aryl acetylene,benzene,,
878,C#CC1=CC=CC=C1,IC1=CC=CC=C1,C1COCCO1,22,135,[Cu]I,O=C([O-])[O-].[Cs+].[Cs+],C12=CC=C3C(N=CC=C3)=C1N=CC=C2,C1(C#CC2=CC=CC=C2)=CC=CC=C1,97,doi.org/10.1002/chem.201300480,scope,2.0,3.0,0.005,0.06,4.0,table 2,article,Sonogashira-Hagihara Type Cross coupling,aryl acetylene,benzene,,
879,C#CC1=CC=CC=C1,IC1=CC=CC=C1,C1COCCO1,22,135,[Cu]I,O=C([O-])[O-].[Cs+].[Cs+],C12=CC=C3C(N=CC=C3)=C1N=CC=C2,C1(C#CC2=CC=CC=C2)=CC=CC=C1,80,doi.org/10.1002/chem.201300480,scope,2.0,3.0,0.005,0.02,4.0,table 2,article,Sonogashira-Hagihara Type Cross coupling,aryl acetylene,benzene,,
886,C#CC1=CC=CC=C1,IC1=CC=CC=C1,C1COCCO1,22,135,[Cu]I,O=C([O-])[O-].[Cs+].[Cs+],OC2=CC=CC1=CC=CN=C12,C1(C#CC2=CC=CC=C2)=CC=CC=C1,37,doi.org/10.1002/chem.201300480,scope,2.0,3.0,0.005,0.02,4.0,table 2,article,Sonogashira-Hagihara Type Cross coupling,aryl acetylene,benzene,,
887,C#CC1=CC=CC=C1,IC1=CC=CC=C1,C1COCCO1,22,135,[Cu]I,O=C([O-])[O-].[Cs+].[Cs+],OC2=CC=CC1=CC=CN=C12,C1(C#CC2=CC=CC=C2)=CC=CC=C1,41,doi.org/10.1002/chem.201300480,scope,2.0,3.0,0.005,0.06,4.0,table 2,article,Sonogashira-Hagihara Type Cross coupling,aryl acetylene,benzene,,
892,C#CC1=CC=CC=C1,IC1=CC=CC=C1,C1COCCO1,22,135,[Cu]I,O=C([O-])[O-].[Cs+].[Cs+],NCCN,C1(C#CC2=CC=CC=C2)=CC=CC=C1,12,doi.org/10.1002/chem.201300480,scope,2.0,3.0,0.005,0.02,4.0,table 2,article,Sonogashira-Hagihara Type Cross coupling,aryl acetylene,benzene,,
893,C#CC1=CC=CC=C1,IC1=CC=CC=C1,C1COCCO1,22,135,[Cu]I,O=C([O-])[O-].[Cs+].[Cs+],NCCN,C1(C#CC2=CC=CC=C2)=CC=CC=C1,25,doi.org/10.1002/chem.201300480,scope,2.0,3.0,0.005,0.06,4.0,table 2,article,Sonogashira-Hagihara Type Cross coupling,aryl acetylene,benzene,,
896,C#CC1=CC=CC=C1,IC1=CC=CC=C1,C1COCCO1,22,135,[Cu]I,O=C([O-])[O-].[Cs+].[Cs+],OC(C1CCCN1)=O,C1(C#CC2=CC=CC=C2)=CC=CC=C1,18,doi.org/10.1002/chem.201300480,scope,2.0,3.0,0.005,0.02,4.0,table 2,article,Sonogashira-Hagihara Type Cross coupling,aryl acetylene,benzene,,
897,C#CC1=CC=CC=C1,IC1=CC=CC=C1,C1COCCO1,22,135,[Cu]I,O=C([O-])[O-].[Cs+].[Cs+],OC(C1CCCN1)=O,C1(C#CC2=CC=CC=C2)=CC=CC=C1,12,doi.org/10.1002/chem.201300480,scope,2.0,3.0,0.005,0.06,4.0,table 2,article,Sonogashira-Hagihara Type Cross coupling,aryl acetylene,benzene,,
898,C#CC1=CC=CC=C1,IC1=CC=CC=C1,C1COCCO1,,135,C[N@@]1([H])CC[N@@]([H])([Cu]12[N@@](C)([H])CC[N@]([H])2C)C.[Cl].[Cl],O=C([O-])[O-].[Cs+].[Cs+],CNCCNC,C1(C#CC2=CC=CC=C2)=CC=CC=C1,94,doi.org/10.1002/chem.201300480,optimization,2.0,3.0,0.005,0.06,4.0,table 3,article,Sonogashira-Hagihara Type Cross coupling,aryl acetylene,benzene,,
902,C#CC1=CC=CC=C1,IC1=CC=C(OC)C=C1,C1COCCO1,,135,C[N@@]1([H])CC[N@@]([H])([Cu]12[N@@](C)([H])CC[N@]([H])2C)C.[Cl].[Cl],O=C([O-])[O-].[Cs+].[Cs+],CNCCNC,COC2=CC=C(C=C2)C#CC1=CC=CC=C1,86,doi.org/10.1002/chem.201300480,optimization,2.0,3.0,0.005,0.06,4.0,table 3,article,Sonogashira-Hagihara Type Cross coupling,aryl acetylene,anisole,,
909,CC1=CC=C(C#C)C=C1,IC1=CC=CC=C1,C1COCCO1,,135,C[N@@]1([H])CC[N@@]([H])([Cu]12[N@@](C)([H])CC[N@]([H])2C)C.[Cl].[Cl],O=C([O-])[O-].[Cs+].[Cs+],CNCCNC,CC1=CC=C(C#CC2=CC=CC=C2)C=C1,83,doi.org/10.1002/chem.201300480,optimization,2.0,3.0,0.005,0.06,4.0,table 4,article,Sonogashira-Hagihara Type Cross coupling,ethynylmethylbenzene,benzene,,
911,COC1=CC=C(C#C)C=C1,IC1=CC=CC=C1,C1COCCO1,,135,C[N@@]1([H])CC[N@@]([H])([Cu]12[N@@](C)([H])CC[N@]([H])2C)C.[Cl].[Cl],O=C([O-])[O-].[Cs+].[Cs+],CNCCNC,COC2=CC=C(C=C2)C#CC1=CC=CC=C1,70,doi.org/10.1002/chem.201300480,optimization,2.0,3.0,0.005,0.06,4.0,table 4,article,Sonogashira-Hagihara Type Cross coupling,ethynylmethoxybenzene,benzene,,
933,C#CC1=CC=CC=C1,IC1=CC=C(C(C)=O)C=C1,CN(C=O)C,24h,120,[Cu]I,O=C([O-])[O-].[K+].[K+],O=C(CC(C1=CC=CC=C1)=O)C2=CC=CC=C2,O=C(C2=CC=C(C=C2)C#CC1=CC=CC=C1)C,80,https://doi.org/10.1021/ol801025u,optimization,0.25,0.375,0.1,0.075,0.5,Table 1 ,article,sonogashira,aryl acetylene,acetophenone,,
943,C#CC1=CC=CC=C1,IC1=CC=C(C(C)=O)C=C1,CN(C=O)C,24h,120,C/C(=C/C(=O)C)/O.C/C(=C/C(=O)C)/O.O.[Cu] ,O=C([O-])[O-].[K+].[K+],O=C(CC(C1=CC=CC=C1)=O)C2=CC=CC=C2,O=C(C2=CC=C(C=C2)C#CC1=CC=CC=C1)C,94,https://doi.org/10.1021/ol801025u,optimization,0.25,0.375,0.1,0.075,0.5,Table 2,article,sonogashira,aryl acetylene,acetophenone,,
944,C#CC1=CC=CC=C1,IC1=CC=C(C(C)=O)C=C1,CN(C=O)C,24h,120,C/C(=C/C(=O)C)/O.C/C(=C/C(=O)C)/O.O.[Cu] ,O=C([O-])[O-].[K+].[K+],O=C(CC(C1=CC=CC=C1)=O)C2=CC=CC=C2,O=C(C2=CC=C(C=C2)C#CC1=CC=CC=C1)C,48,https://doi.org/10.1021/ol801025u,optimization,0.25,0.375,0.1,0.075,0.5,Table 2,article,sonogashira,aryl acetylene,acetophenone,,
945,C#CC1=CC=CC=C1,IC1=CC=C(C(C)=O)C=C1,CN(C=O)C,24h,120,C/C(=C/C(=O)C)/O.C/C(=C/C(=O)C)/O.O.[Cu] ,O=C([O-])[O-].[Cs+].[Cs+],O=C(CC(C1=CC=CC=C1)=O)C2=CC=CC=C2,O=C(C2=CC=C(C=C2)C#CC1=CC=CC=C1)C,75,https://doi.org/10.1021/ol801025u,optimization,0.25,0.375,0.1,0.075,0.5,Table 2,article,sonogashira,aryl acetylene,acetophenone,,
946,C#CC1=CC=CC=C1,IC1=CC=C(C(C)=O)C=C1,CN(C=O)C,24h,120,C/C(=C/C(=O)C)/O.C/C(=C/C(=O)C)/O.O.[Cu] ,[O-]P([O-])([O-])=O.[K+].[K+].[K+],O=C(CC(C1=CC=CC=C1)=O)C2=CC=CC=C2,O=C(C2=CC=C(C=C2)C#CC1=CC=CC=C1)C,7,https://doi.org/10.1021/ol801025u,optimization,0.25,0.375,0.1,0.075,0.5,Table 2,article,sonogashira,aryl acetylene,acetophenone,,
947,C#CC1=CC=CC=C1,IC1=CC=C(C(C)=O)C=C1,CN(C=O)C,24h,120,C/C(=C/C(=O)C)/O.C/C(=C/C(=O)C)/O.O.[Cu] ,[OH-].[Na+]  ,O=C(CC(C1=CC=CC=C1)=O)C2=CC=CC=C2,O=C(C2=CC=C(C=C2)C#CC1=CC=CC=C1)C,0,https://doi.org/10.1021/ol801025u,optimization,0.25,0.375,0.1,0.075,0.5,Table 2,article,sonogashira,aryl acetylene,acetophenone,,
948,C#CC1=CC=CC=C1,IC1=CC=C(C(C)=O)C=C1,CN(C=O)C,24h,120,C/C(=C/C(=O)C)/O.C/C(=C/C(=O)C)/O.O.[Cu] ,O=C([O-])[O-].[K+].[K+],O=C(CC(C1=CC=CC=C1)=O)C2=CC=CC=C2,O=C(C2=CC=C(C=C2)C#CC1=CC=CC=C1)C,96,https://doi.org/10.1021/ol801025u,optimization,0.275,0.25,0.025,0.075,0.5,Table 2,article,sonogashira,aryl acetylene,acetophenone,,
957,C#CC1=CC=CC=C1,IC1=CC=CC=C1,CN(C=O)C,36h,120,C/C(=C/C(=O)C)/O.C/C(=C/C(=O)C)/O.O.[Cu] ,O=C([O-])[O-].[K+].[K+],O=C(CC(C1=CC=CC=C1)=O)C2=CC=CC=C2,C1(C#CC2=CC=CC=C2)=CC=CC=C1,85,https://doi.org/10.1021/ol801025u,optimization,1.1,1.0,0.1,0.3,2.0,Table 3,article,sonogashira,aryl acetylene,benzene,,
959,C#CC1=CC=CC=C1,IC1=CC=C(C)C=C1,CN(C=O)C,40h,120,C/C(=C/C(=O)C)/O.C/C(=C/C(=O)C)/O.O.[Cu] ,O=C([O-])[O-].[K+].[K+],O=C(CC(C1=CC=CC=C1)=O)C2=CC=CC=C2,CC1=CC=C(C#CC2=CC=CC=C2)C=C1,63,https://doi.org/10.1021/ol801025u,optimization,1.1,1.0,0.1,0.3,2.0,Table 3,article,sonogashira,aryl acetylene,toluene,,
961,C#CC1=CC=CC=C1,IC1=CC=C(OC)C=C1,CN(C=O)C,40h,120,C/C(=C/C(=O)C)/O.C/C(=C/C(=O)C)/O.O.[Cu] ,O=C([O-])[O-].[K+].[K+],O=C(CC(C1=CC=CC=C1)=O)C2=CC=CC=C2,COC2=CC=C(C=C2)C#CC1=CC=CC=C1,70,https://doi.org/10.1021/ol801025u,optimization,1.1,1.0,0.1,0.3,2.0,Table 3,article,sonogashira,aryl acetylene,anisole,,
