,substrate,coupling_partner,solvent,time,temperature,catalyst_precursor,reagent,effective_reagents,effective_reagents_covalent,ligand,effective_ligand,product,isolated_yield,couplingpartner_class,DOI,origin,eq_substrate,eq_couplingpartner,eq_catalyst,eq_ligand,eq_reagent,2_steps,scheme_table ,review,mechanism,reaction_conditions
0,C#CC1=CC=CC=C1,O=C(C)C1=CC=C(I)C=C1,CN(C=O)C,60h,130,[Cu]I,[O-]P([O-])([O-])=O.[K+].[K+].[K+],,,N[C@H]1[C@H](N)CCCC1,,O=C(C2=CC=C(C=C2)C#CC1=CC=CC=C1)C,30,Acetophenone,https://doi.org/10.1002/slct.201600894,optimization,1.2,1.0,0.2,0.6,2.0,,table.1,Research_Article, sonogashira,N2
1,C#CC1=CC=CC=C1,O=C(C)C1=CC=C(I)C=C1,COC,60h,130,[Cu]I,[O-]P([O-])([O-])=O.[K+].[K+].[K+],,,N[C@H]1[C@H](N)CCCC1,,O=C(C2=CC=C(C=C2)C#CC1=CC=CC=C1)C,0,Acetophenone,https://doi.org/10.1002/slct.201600894,optimization,1.2,1.0,0.2,0.6,2.0,,table.1,Research_Article, sonogashira,N2
2,C#CC1=CC=CC=C1,O=C(C)C1=CC=C(I)C=C1,CC1=CC=CC=C1,60h,130,[Cu]I,[O-]P([O-])([O-])=O.[K+].[K+].[K+],,,N[C@H]1[C@H](N)CCCC1,,O=C(C2=CC=C(C=C2)C#CC1=CC=CC=C1)C,78,Acetophenone,https://doi.org/10.1002/slct.201600894,optimization,1.2,1.0,0.2,0.6,2.0,,table.1,Research_Article, sonogashira,N2
3,C#CC1=CC=CC=C1,O=C(C)C1=CC=C(I)C=C1,O1CCCC1,60h,130,[Cu]I,[O-]P([O-])([O-])=O.[K+].[K+].[K+],,,N[C@H]1[C@H](N)CCCC1,,O=C(C2=CC=C(C=C2)C#CC1=CC=CC=C1)C,0,Acetophenone,https://doi.org/10.1002/slct.201600894,optimization,1.2,1.0,0.2,0.6,2.0,,table.1,Research_Article, sonogashira,N2
4,C#CC1=CC=CC=C1,O=C(C)C1=CC=C(I)C=C1,CC#N,60h,130,[Cu]I,[O-]P([O-])([O-])=O.[K+].[K+].[K+],,,N[C@H]1[C@H](N)CCCC1,,O=C(C2=CC=C(C=C2)C#CC1=CC=CC=C1)C,50,Acetophenone,https://doi.org/10.1002/slct.201600894,optimization,1.2,1.0,0.2,0.6,2.0,,table.1,Research_Article, sonogashira,N2
5,C#CC1=CC=CC=C1,O=C(C)C1=CC=C(I)C=C1,C1COCCO1,60h,130,[Cu]I,[O-]P([O-])([O-])=O.[K+].[K+].[K+],,,N[C@H]1[C@H](N)CCCC1,,O=C(C2=CC=C(C=C2)C#CC1=CC=CC=C1)C,98,Acetophenone,https://doi.org/10.1002/slct.201600894,optimization,1.2,1.0,0.2,0.6,2.0,,table.1,Research_Article, sonogashira,N2
6,C#CC1=CC=CC=C1,O=C(C)C1=CC=C(I)C=C1,CS(C)=O,60h,130,[Cu]I,[O-]P([O-])([O-])=O.[K+].[K+].[K+],,,N[C@H]1[C@H](N)CCCC1,,O=C(C2=CC=C(C=C2)C#CC1=CC=CC=C1)C,82,Acetophenone,https://doi.org/10.1002/slct.201600894,optimization,1.2,1.0,0.2,0.6,2.0,,table.1,Research_Article, sonogashira,N2
7,C#CC1=CC=CC=C1,O=C(C)C1=CC=C(I)C=C1,CC(C)(O)C,60h,130,[Cu]I,[O-]P([O-])([O-])=O.[K+].[K+].[K+],,,N[C@H]1[C@H](N)CCCC1,,O=C(C2=CC=C(C=C2)C#CC1=CC=CC=C1)C,36,Acetophenone,https://doi.org/10.1002/slct.201600894,optimization,1.2,1.0,0.2,0.6,2.0,,table.1,Research_Article, sonogashira,N2
8,C#CC1=CC=CC=C1,O=C(C)C1=CC=C(I)C=C1,CS(C)=O,60h,130,[Cu]I,O=C([O-])[O-].[K+].[K+],,,N[C@H]1[C@H](N)CCCC1,,O=C(C2=CC=C(C=C2)C#CC1=CC=CC=C1)C,70,Acetophenone,https://doi.org/10.1002/slct.201600894,optimization,1.2,1.0,0.2,0.6,2.0,,table.1,Research_Article, sonogashira,N2
9,C#CC1=CC=CC=C1,O=C(C)C1=CC=C(I)C=C1,CS(C)=O,60h,130,[Cu]I, [O-2].[Na+] ,,,N[C@H]1[C@H](N)CCCC1,,O=C(C2=CC=C(C=C2)C#CC1=CC=CC=C1)C,35,Acetophenone,https://doi.org/10.1002/slct.201600894,optimization,1.2,1.0,0.2,0.6,2.0,,table.1,Research_Article, sonogashira,N2
10,C#CC1=CC=CC=C1,O=C(C)C1=CC=C(I)C=C1,CS(C)=O,60h,130,[Cu]I,O=C([O-])[O-].[Cs+].[Cs+],,,N[C@H]1[C@H](N)CCCC1,,O=C(C2=CC=C(C=C2)C#CC1=CC=CC=C1)C,75,Acetophenone,https://doi.org/10.1002/slct.201600894,optimization,1.2,1.0,0.2,0.6,2.0,,table.1,Research_Article, sonogashira,N2
11,C#CC1=CC=CC=C1,O=C(C)C1=CC=C(I)C=C1,CS(C)=O,60h,130,[Cu]I, CC(C)(C)[O-].[Na+] ,,,N[C@H]1[C@H](N)CCCC1,,O=C(C2=CC=C(C=C2)C#CC1=CC=CC=C1)C,30,Acetophenone,https://doi.org/10.1002/slct.201600894,optimization,1.2,1.0,0.2,0.6,2.0,,table.1,Research_Article, sonogashira,N2
12,C#CC1=CC=CC=C1,O=C(C)C1=CC=C(I)C=C1,CS(C)=O,60h,130,[Cu]I,CCN(CC)CC,,,N[C@H]1[C@H](N)CCCC1,,O=C(C2=CC=C(C=C2)C#CC1=CC=CC=C1)C,1,Acetophenone,https://doi.org/10.1002/slct.201600894,optimization,1.2,1.0,0.2,0.6,2.0,,table.1,Research_Article, sonogashira,N2
13,C#CC1=CC=CC=C1,O=C(C)C1=CC=C(I)C=C1,CS(C)=O,60h,130,,[O-]P([O-])([O-])=O.[K+].[K+].[K+],,,,,O=C(C2=CC=C(C=C2)C#CC1=CC=CC=C1)C,0,Acetophenone,https://doi.org/10.1002/slct.201600894,optimization,1.2,1.0,,,2.0,,table.1,Research_Article, sonogashira,N2
14,C#CC1=CC=CC=C1,O=C(C)C1=CC=C(I)C=C1,CS(C)=O,60h,130,,[O-]P([O-])([O-])=O.[K+].[K+].[K+],,,N[C@H]1[C@H](N)CCCC1,,O=C(C2=CC=C(C=C2)C#CC1=CC=CC=C1)C,0,Acetophenone,https://doi.org/10.1002/slct.201600894,optimization,1.2,1.0,,0.6,2.0,,table.1,Research_Article, sonogashira,N2
15,C#CC1=CC=CC=C1,O=C(C)C1=CC=C(I)C=C1,CS(C)=O,60h,130,[Cu]I,[O-]P([O-])([O-])=O.[K+].[K+].[K+],,,N[C@H]1[C@H](N)CCCC1,,O=C(C2=CC=C(C=C2)C#CC1=CC=CC=C1)C,1,Acetophenone,https://doi.org/10.1002/slct.201600894,optimization,1.2,1.0,0.2,0.6,2.0,,table.1,Research_Article, sonogashira,N2
16,C#CC1=CC=CC=C1,O=C(C)C1=CC=C(I)C=C1,CS(C)=O,60h,130,[Cu]I,[O-]P([O-])([O-])=O.[K+].[K+].[K+],,,N[C@H]1[C@H](N)CCCC1,,O=C(C2=CC=C(C=C2)C#CC1=CC=CC=C1)C,87,Acetophenone,https://doi.org/10.1002/slct.201600894,optimization,1.2,1.0,0.2,0.6,2.0,,table.2,Research_Article, sonogashira,N2
17,C#CC1=CC=CC=C1,O=C(C)C1=CC=C(I)C=C1,CS(C)=O,60h,130,[Cu]I,[O-]P([O-])([O-])=O.[K+].[K+].[K+],,,N[C@H]1[C@H](N)CCCC1,,O=C(C2=CC=C(C=C2)C#CC1=CC=CC=C1)C,92,Acetophenone,https://doi.org/10.1002/slct.201600894,optimization,1.2,1.0,0.2,0.4,2.0,,table.2,Research_Article, sonogashira,N2
18,C#CC1=CC=CC=C1,O=C(C)C1=CC=C(I)C=C1,CS(C)=O,60h,130,[Cu]I,[O-]P([O-])([O-])=O.[K+].[K+].[K+],,,N[C@H]1[C@H](N)CCCC1,,O=C(C2=CC=C(C=C2)C#CC1=CC=CC=C1)C,98,Acetophenone,https://doi.org/10.1002/slct.201600894,optimization,1.2,1.0,0.1,0.2,2.0,,table.2,Research_Article, sonogashira,N2
19,C#CC1=CC=CC=C1,O=C(C)C1=CC=C(I)C=C1,CS(C)=O,60h,130,[Cu]I,[O-]P([O-])([O-])=O.[K+].[K+].[K+],,,N[C@H]1[C@H](N)CCCC1,,O=C(C2=CC=C(C=C2)C#CC1=CC=CC=C1)C,88,Acetophenone,https://doi.org/10.1002/slct.201600894,optimization,1.2,1.0,0.05,0.1,2.0,,table.2,Research_Article, sonogashira,N2
20,C#CC1=CC=CC=C1,O=C(C)C1=CC=C(I)C=C1,CS(C)=O,60h,130,[Cu]I,[O-]P([O-])([O-])=O.[K+].[K+].[K+],,,N[C@H]1[C@H](N)CCCC1,,O=C(C2=CC=C(C=C2)C#CC1=CC=CC=C1)C,65,Acetophenone,https://doi.org/10.1002/slct.201600894,optimization,1.2,1.0,0.1,0.1,2.0,,table.2,Research_Article, sonogashira,N2
35,C#CC1=CC=CC=C1,O=C(C)C1=CC=C(I)C=C1,CS(C)=O,40h,130,[Cu]I,[O-]P([O-])([O-])=O.[K+].[K+].[K+],,,N[C@H]1[C@H](N)CCCC1,,O=C(C2=CC=C(C=C2)C#CC1=CC=CC=C1)C,64,Acetophenone,https://doi.org/10.1002/slct.201600894,optimization,1.2,1.0,0.2,0.6,2.0,,S1,Research_Article, sonogashira,N2
36,C#CC1=CC=CC=C1,O=C(C)C1=CC=C(I)C=C1,CS(C)=O,50h,130,[Cu]I,[O-]P([O-])([O-])=O.[K+].[K+].[K+],,,N[C@H]1[C@H](N)CCCC1,,O=C(C2=CC=C(C=C2)C#CC1=CC=CC=C1)C,72,Acetophenone,https://doi.org/10.1002/slct.201600894,optimization,1.2,1.0,0.2,0.6,2.0,,S1,Research_Article, sonogashira,N2
37,C#CC1=CC=CC=C1,O=C(C)C1=CC=C(I)C=C1,CS(C)=O,60h,80,[Cu]I,[O-]P([O-])([O-])=O.[K+].[K+].[K+],,,N[C@H]1[C@H](N)CCCC1,,O=C(C2=CC=C(C=C2)C#CC1=CC=CC=C1)C,60,Acetophenone,https://doi.org/10.1002/slct.201600894,optimization,1.2,1.0,0.2,0.6,2.0,,S1,Research_Article, sonogashira,N2
38,C#CC1=CC=CC=C1,O=C(C)C1=CC=C(I)C=C1,CS(C)=O,60h,130,[Cu]I,[O-]P([O-])([O-])=O.[K+].[K+].[K+],,,N[C@H]1[C@H](N)CCCC1,,O=C(C2=CC=C(C=C2)C#CC1=CC=CC=C1)C,98,Acetophenone,https://doi.org/10.1002/slct.201600894,optimization,1.2,1.0,0.2,0.6,2.0,,S1,Research_Article, sonogashira,O2
39,OB(C1=CC=CC=C1)O,BrC#CC1=CC=CC=C1,CCO,15min,130,[Cu]I,[O-]P([O-])([O-])=O.[K+].[K+].[K+],,,,,C1(C#CC2=CC=CC=C2)=CC=CC=C1,83,phenylacetylene,https://doi.org/10.1002/slct.201803144,optimization,1.2,1.0,0.1,,,,table.1,Research_Article,Suzuki,MW
40,OB(C1=CC=CC=C1)O,BrC#CC1=CC=CC=C1,CCO,15min,130,[Cu]Br,[O-]P([O-])([O-])=O.[K+].[K+].[K+],,,,,C1(C#CC2=CC=CC=C2)=CC=CC=C1,37,phenylacetylene,https://doi.org/10.1002/slct.201803144,optimization,1.2,1.0,0.1,,,,table.1,Research_Article,Suzuki,MW
41,OB(C1=CC=CC=C1)O,BrC#CC1=CC=CC=C1,CCO,15min,130,C/C(=C/C(=O)C)/O.C/C(=C/C(=O)C)/O.[Cu] ,[O-]P([O-])([O-])=O.[K+].[K+].[K+],,,,,C1(C#CC2=CC=CC=C2)=CC=CC=C1,74,phenylacetylene,https://doi.org/10.1002/slct.201803144,optimization,1.2,1.0,0.1,,,,table.1,Research_Article,Suzuki,MW
42,OB(C1=CC=CC=C1)O,BrC#CC1=CC=CC=C1,CCO,15min,130,Br[Cu]Br,[O-]P([O-])([O-])=O.[K+].[K+].[K+],,,,,C1(C#CC2=CC=CC=C2)=CC=CC=C1,51,phenylacetylene,https://doi.org/10.1002/slct.201803144,optimization,1.2,1.0,0.1,,,,table.1,Research_Article,Suzuki,MW
43,OB(C1=CC=CC=C1)O,BrC#CC1=CC=CC=C1,CO,15min,130,[Cu]I,[O-]P([O-])([O-])=O.[K+].[K+].[K+],,,,,C1(C#CC2=CC=CC=C2)=CC=CC=C1,75,phenylacetylene,https://doi.org/10.1002/slct.201803144,optimization,1.2,1.0,0.1,,,,table.2,Research_Article,Suzuki,MW
44,OB(C1=CC=CC=C1)O,BrC#CC1=CC=CC=C1,O,15min,130,[Cu]I,[O-]P([O-])([O-])=O.[K+].[K+].[K+],,,,,C1(C#CC2=CC=CC=C2)=CC=CC=C1,80,phenylacetylene,https://doi.org/10.1002/slct.201803144,optimization,1.2,1.0,0.1,,,,table.2,Research_Article,Suzuki,MW
45,OB(C1=CC=CC=C1)O,BrC#CC1=CC=CC=C1,O1CCCC1,15min,130,[Cu]I,[O-]P([O-])([O-])=O.[K+].[K+].[K+],,,,,C1(C#CC2=CC=CC=C2)=CC=CC=C1,47,phenylacetylene,https://doi.org/10.1002/slct.201803144,optimization,1.2,1.0,0.1,,,,table.2,Research_Article,Suzuki,MW
46,OB(C1=CC=CC=C1)O,BrC#CC1=CC=CC=C1,C1COCCO1,15min,130,[Cu]I,[O-]P([O-])([O-])=O.[K+].[K+].[K+],,,,,C1(C#CC2=CC=CC=C2)=CC=CC=C1,78,phenylacetylene,https://doi.org/10.1002/slct.201803144,optimization,1.2,1.0,0.1,,,,table.2,Research_Article,Suzuki,MW
47,OB(C1=CC=CC=C1)O,BrC#CC1=CC=CC=C1,CC#N,15min,130,[Cu]I,[O-]P([O-])([O-])=O.[K+].[K+].[K+],,,,,C1(C#CC2=CC=CC=C2)=CC=CC=C1,65,phenylacetylene,https://doi.org/10.1002/slct.201803144,optimization,1.2,1.0,0.1,,,,table.2,Research_Article,Suzuki,MW
48,OB(C1=CC=CC=C1)O,BrC#CC1=CC=CC=C1,OCCO,15min,130,[Cu]I,[O-]P([O-])([O-])=O.[K+].[K+].[K+],,,,,C1(C#CC2=CC=CC=C2)=CC=CC=C1,69,phenylacetylene,https://doi.org/10.1002/slct.201803144,optimization,1.2,1.0,0.1,,,,table.2,Research_Article,Suzuki,MW
49,OB(C1=CC=CC=C1)O,BrC#CC1=CC=CC=C1,CCO,15min,130,[Cu]I,O=C([O-])[O-].[K+].[K+],,,,,C1(C#CC2=CC=CC=C2)=CC=CC=C1,73,phenylacetylene,https://doi.org/10.1002/slct.201803144,optimization,1.2,1.0,0.1,,,,table 3,Research_Article,Suzuki,MW
50,OB(C1=CC=CC=C1)O,BrC#CC1=CC=CC=C1,CCO,15min,130,[Cu]I,[F-].[K+],,,,,C1(C#CC2=CC=CC=C2)=CC=CC=C1,47,phenylacetylene,https://doi.org/10.1002/slct.201803144,optimization,1.2,1.0,0.1,,,,table 3,Research_Article,Suzuki,MW
51,OB(C1=CC=CC=C1)O,BrC#CC1=CC=CC=C1,CCO,15min,130,[Cu]I,CCN(CC)CC,,,,,C1(C#CC2=CC=CC=C2)=CC=CC=C1,38,phenylacetylene,https://doi.org/10.1002/slct.201803144,optimization,1.2,1.0,0.1,,,,table 3,Research_Article,Suzuki,MW
52,OB(C1=CC=CC=C1)O,BrC#CC1=CC=CC=C1,CCO,15min,130,[Cu]I,CC(C)(C)[O-].[K+]  ,,,,,C1(C#CC2=CC=CC=C2)=CC=CC=C1,67,phenylacetylene,https://doi.org/10.1002/slct.201803144,optimization,1.2,1.0,0.1,,,,table 3,Research_Article,Suzuki,MW
53,OB(C1=CC=CC=C1)O,BrC#CC1=CC=CC=C1,CCO,15min,130,[Cu]I,O=C([O-])[O-].[Cs+].[Cs+],,,,,C1(C#CC2=CC=CC=C2)=CC=CC=C1,43,phenylacetylene,https://doi.org/10.1002/slct.201803144,optimization,1.2,1.0,0.1,,,,table 3,Research_Article,Suzuki,MW
54,OB(C1=CC=CC=C1)O,BrC#CC1=CC=CC=C1,CCO,15min,130,[Cu]I,[2H-].[Na+],,,,,C1(C#CC2=CC=CC=C2)=CC=CC=C1,77,phenylacetylene,https://doi.org/10.1002/slct.201803144,optimization,1.2,1.0,0.1,,,,table 3,Research_Article,Suzuki,MW
55,OB(C1=CC=CC=C1)O,BrC#CC1=CC=CC=C1,CCO,15min,130,[Cu]I, C1CN2CCN1CC2 ,,,,,C1(C#CC2=CC=CC=C2)=CC=CC=C1,19,phenylacetylene,https://doi.org/10.1002/slct.201803144,optimization,1.2,1.0,0.1,,,,table 3,Research_Article,Suzuki,MW
56,OB(C1=CC=CC=C1)O,BrC#CC1=CC=CC=C1,CCO,15min,130,[Cu]I,[O-]P([O-])([O-])=O.[K+].[K+].[K+],,,,,C1(C#CC2=CC=CC=C2)=CC=CC=C1,83,phenylacetylene,https://doi.org/10.1002/slct.201803144,optimization,1.2,1.0,0.15,,,,table 4,Research_Article,Suzuki,MW
57,OB(C1=CC=CC=C1)O,BrC#CC1=CC=CC=C1,CCO,15min,150,[Cu]I,[O-]P([O-])([O-])=O.[K+].[K+].[K+],,,,,C1(C#CC2=CC=CC=C2)=CC=CC=C1,75,phenylacetylene,https://doi.org/10.1002/slct.201803144,optimization,1.2,1.0,0.1,,,,table 4,Research_Article,Suzuki,MW
58,OB(C1=CC=CC=C1)O,BrC#CC1=CC=CC=C1,CCO,15min,110,[Cu]I,[O-]P([O-])([O-])=O.[K+].[K+].[K+],,,,,C1(C#CC2=CC=CC=C2)=CC=CC=C1,55,phenylacetylene,https://doi.org/10.1002/slct.201803144,optimization,1.2,1.0,0.1,,,,table 4,Research_Article,Suzuki,MW
59,OB(C1=CC=CC=C1)O,BrC#CC1=CC=CC=C1,CCO,20min,130,[Cu]I,[O-]P([O-])([O-])=O.[K+].[K+].[K+],,,,,C1(C#CC2=CC=CC=C2)=CC=CC=C1,83,phenylacetylene,https://doi.org/10.1002/slct.201803144,optimization,1.2,1.0,0.1,,,,table 4,Research_Article,Suzuki,MW
81,COC1=CC=C(C#C)C=C1,BrC#CC1=CC=CC=C1,CCO,20h,120,[Cu]I,C(=O)([O-])[O-].[K+].[K+]  ,,,O=C(O)[C@@H]1CCCN1,,COC1=CC=C(C#CC#CC2=CC=CC=C2)C=C1,20,Phenylacetylene,https://doi.org/10.1080/00397911.2018.1554142,optimization,1.1,1.0,0.2,,2.0,,Table 1,article,cadiot,N2
82,COC1=CC=C(C#C)C=C1,BrC#CC1=CC=CC=C1,CCO,20h,120,[Cu]I,C(=O)([O-])[O-].[K+].[K+] ,,,N1(CC2)CCN2CC1,,COC1=CC=C(C#CC#CC2=CC=CC=C2)C=C1,39,Phenylacetylene,https://doi.org/10.1080/00397911.2018.1554142,optimization,1.1,1.0,0.2,,2.0,,Table 1,article,cadiot,N2
83,COC1=CC=C(C#C)C=C1,BrC#CC1=CC=CC=C1,CCO,20h,120,[Cu]I,C(=O)([O-])[O-].[K+].[K+] ,,,NCCN,,COC1=CC=C(C#CC#CC2=CC=CC=C2)C=C1,1,Phenylacetylene,https://doi.org/10.1080/00397911.2018.1554142,optimization,1.1,1.0,0.2,,2.0,,Table 1,article,cadiot,N2
84,COC1=CC=C(C#C)C=C1,BrC#CC1=CC=CC=C1,CCO,20h,120,[Cu]I,C(=O)([O-])[O-].[K+].[K+] ,,,CNCCNC,,COC1=CC=C(C#CC#CC2=CC=CC=C2)C=C1,1,Phenylacetylene,https://doi.org/10.1080/00397911.2018.1554142,optimization,1.1,1.0,0.2,,2.0,,Table 1,article,cadiot,N2
85,COC1=CC=C(C#C)C=C1,BrC#CC1=CC=CC=C1,CCO,20h,120,[Cu]I,C(=O)([O-])[O-].[K+].[K+] ,,,C1(P(C2=CC=CC=C2)C3=CC=CC=C3)=CC=CC=C1,,COC1=CC=C(C#CC#CC2=CC=CC=C2)C=C1,76,Phenylacetylene,https://doi.org/10.1080/00397911.2018.1554142,optimization,1.1,1.0,0.2,,2.0,,Table 1,article,cadiot,N2
86,COC1=CC=C(C#C)C=C1,BrC#CC1=CC=CC=C1,CCO,20h,120,[Cu]I,C(=O)([O-])[O-].[K+].[K+] ,,,OC1=C(C(C(C=CC=C2)=C2C=C3)=C3O)C4=C(C=C1)C=CC=C4,,COC1=CC=C(C#CC#CC2=CC=CC=C2)C=C1,1,Phenylacetylene,https://doi.org/10.1080/00397911.2018.1554142,optimization,1.1,1.0,0.2,,2.0,,Table 1,article,cadiot,N2
87,COC1=CC=C(C#C)C=C1,BrC#CC1=CC=CC=C1,CCO,20h,120,[Cu]I,C(=O)([O-])[O-].[K+].[K+] ,,,O[C@H]1[C@H](O)CCCC1,,COC1=CC=C(C#CC#CC2=CC=CC=C2)C=C1,65,Phenylacetylene,https://doi.org/10.1080/00397911.2018.1554142,optimization,1.1,1.0,0.2,,2.0,,Table 1,article,cadiot,N2
88,COC1=CC=C(C#C)C=C1,BrC#CC1=CC=CC=C1,CCO,20h,120,[Cu]I,C(=O)([O-])[O-].[K+].[K+] ,,,OCCO,,COC1=CC=C(C#CC#CC2=CC=CC=C2)C=C1,56,Phenylacetylene,https://doi.org/10.1080/00397911.2018.1554142,optimization,1.1,1.0,0.2,,2.0,,Table 1,article,cadiot,N2
89,COC1=CC=C(C#C)C=C1,BrC#CC1=CC=CC=C1,CCO,20h,120,[Cu]I,C(=O)([O-])[O-].[K+].[K+] ,,,C1(C=CC=N2)=C2C(N=CC=C3)=C3C=C1,,COC1=CC=C(C#CC#CC2=CC=CC=C2)C=C1,82,Phenylacetylene,https://doi.org/10.1080/00397911.2018.1554142,optimization,1.1,1.0,0.2,,2.0,,Table 1,article,cadiot,N2
90,COC1=CC=C(C#C)C=C1,BrC#CC1=CC=CC=C1,CCO,20h,120,[Cu]I,C(=O)([O-])[O-].[K+].[K+] ,,,,,COC1=CC=C(C#CC#CC2=CC=CC=C2)C=C1,86,Phenylacetylene,https://doi.org/10.1080/00397911.2018.1554142,optimization,1.1,1.0,0.2,,2.0,,Table 1,article,cadiot,N2
91,COC1=CC=C(C#C)C=C1,BrC#CC1=CC=CC=C1,CCO,20h,120,[Cu]I,C(=O)([O-])[O-].[K+].[K+] ,,,,,COC1=CC=C(C#CC#CC2=CC=CC=C2)C=C1,86,Phenylacetylene,https://doi.org/10.1080/00397911.2018.1554142,optimization,1.1,1.0,0.2,,2.0,,Table 1,article,cadiot,O2
92,COC1=CC=C(C#C)C=C1,BrC#CC1=CC=CC=C1,CCO,20h,25,[Cu]I,C(=O)([O-])[O-].[K+].[K+] ,,,,,COC1=CC=C(C#CC#CC2=CC=CC=C2)C=C1,85,Phenylacetylene,https://doi.org/10.1080/00397911.2018.1554142,optimization,1.1,1.0,0.2,,2.0,,Table 1,article,cadiot,N2
93,COC1=CC=C(C#C)C=C1,BrC#CC1=CC=CC=C1,CC1=CC=CC=C1,20h,25,[Cu]I,C(=O)([O-])[O-].[K+].[K+] ,,,,,COC1=CC=C(C#CC#CC2=CC=CC=C2)C=C1,1,Phenylacetylene,https://doi.org/10.1080/00397911.2018.1554142,optimization,1.1,1.0,0.2,,2.0,,Table 2,article,cadiot,O2
94,COC1=CC=C(C#C)C=C1,BrC#CC1=CC=CC=C1,O,20h,25,[Cu]I,C(=O)([O-])[O-].[K+].[K+] ,,,,,COC1=CC=C(C#CC#CC2=CC=CC=C2)C=C1,0,Phenylacetylene,https://doi.org/10.1080/00397911.2018.1554142,optimization,1.1,1.0,0.2,,2.0,,Table 2,article,cadiot,O2
95,COC1=CC=C(C#C)C=C1,BrC#CC1=CC=CC=C1,CC(C)(O)C,20h,25,[Cu]I,C(=O)([O-])[O-].[K+].[K+] ,,,,,COC1=CC=C(C#CC#CC2=CC=CC=C2)C=C1,26,Phenylacetylene,https://doi.org/10.1080/00397911.2018.1554142,optimization,1.1,1.0,0.2,,2.0,,Table 2,article,cadiot,O2
96,COC1=CC=C(C#C)C=C1,BrC#CC1=CC=CC=C1,C1COCCO1,20h,25,[Cu]I,C(=O)([O-])[O-].[K+].[K+] ,,,,,COC1=CC=C(C#CC#CC2=CC=CC=C2)C=C1,44,Phenylacetylene,https://doi.org/10.1080/00397911.2018.1554142,optimization,1.1,1.0,0.2,,2.0,,Table 2,article,cadiot,O2
97,COC1=CC=C(C#C)C=C1,BrC#CC1=CC=CC=C1,CCO,20h,25,[Cu]I,C(=O)([O-])[O-].[K+].[K+] ,,,,,COC1=CC=C(C#CC#CC2=CC=CC=C2)C=C1,86,Phenylacetylene,https://doi.org/10.1080/00397911.2018.1554142,optimization,1.1,1.0,0.2,,2.0,,Table 2,article,cadiot,O2
98,COC1=CC=C(C#C)C=C1,BrC#CC1=CC=CC=C1,O1CCCC1,20h,25,[Cu]I,C(=O)([O-])[O-].[K+].[K+] ,,,,,COC1=CC=C(C#CC#CC2=CC=CC=C2)C=C1,45,Phenylacetylene,https://doi.org/10.1080/00397911.2018.1554142,optimization,1.1,1.0,0.2,,2.0,,Table 2,article,cadiot,O2
99,COC1=CC=C(C#C)C=C1,BrC#CC1=CC=CC=C1,CO,20h,25,[Cu]I,C(=O)([O-])[O-].[K+].[K+] ,,,,,COC1=CC=C(C#CC#CC2=CC=CC=C2)C=C1,93,Phenylacetylene,https://doi.org/10.1080/00397911.2018.1554142,optimization,1.1,1.0,0.2,,2.0,,Table 2,article,cadiot,O2
100,COC1=CC=C(C#C)C=C1,BrC#CC1=CC=CC=C1,CO,20h,25,[Cu]I,CCN(CC)CC,,,,,COC1=CC=C(C#CC#CC2=CC=CC=C2)C=C1,42,Phenylacetylene,https://doi.org/10.1080/00397911.2018.1554142,optimization,1.1,1.0,0.2,,2.0,,Table 2,article,cadiot,O2
101,COC1=CC=C(C#C)C=C1,BrC#CC1=CC=CC=C1,CO,20h,25,[Cu]I, CC(C)(C)[O-].[Na+]  ,,,,,COC1=CC=C(C#CC#CC2=CC=CC=C2)C=C1,56,Phenylacetylene,https://doi.org/10.1080/00397911.2018.1554142,optimization,1.1,1.0,0.2,,2.0,,Table 2,article,cadiot,O2
102,COC1=CC=C(C#C)C=C1,BrC#CC1=CC=CC=C1,CO,20h,25,[Cu]I, [O-]P(=O)([O-])[O-].[K+].[K+].[K+]  ,,,,,COC1=CC=C(C#CC#CC2=CC=CC=C2)C=C1,66,Phenylacetylene,https://doi.org/10.1080/00397911.2018.1554142,optimization,1.1,1.0,0.2,,2.0,,Table 2,article,cadiot,O2
103,COC1=CC=C(C#C)C=C1,BrC#CC1=CC=CC=C1,CO,35h,25,[Cu]I,C(=O)([O-])[O-].[K+].[K+]  ,,,,,COC1=CC=C(C#CC#CC2=CC=CC=C2)C=C1,94,Phenylacetylene,https://doi.org/10.1080/00397911.2018.1554142,optimization,1.1,1.0,0.2,,2.0,,Table 2,article,cadiot,O2
104,COC1=CC=C(C#C)C=C1,BrC#CC1=CC=CC=C1,CO,12h,25,[Cu]I,C(=O)([O-])[O-].[K+].[K+]  ,,,,,COC1=CC=C(C#CC#CC2=CC=CC=C2)C=C1,64,Phenylacetylene,https://doi.org/10.1080/00397911.2018.1554142,optimization,1.1,1.0,0.2,,2.0,,Table 2,article,cadiot,O2
105,COC1=CC=C(C#C)C=C1,BrC#CC1=CC=CC=C1,CO,20h,25,[Cu]I,C(=O)([O-])[O-].[K+].[K+]  ,,,,,COC1=CC=C(C#CC#CC2=CC=CC=C2)C=C1,43,Phenylacetylene,https://doi.org/10.1080/00397911.2018.1554142,optimization,1.1,1.0,0.05,,2.0,,Table 2,article,cadiot,O2
106,COC1=CC=C(C#C)C=C1,BrC#CC1=CC=CC=C1,CO,20h,25,[Cu]I,C(=O)([O-])[O-].[K+].[K+]  ,,,,,COC1=CC=C(C#CC#CC2=CC=CC=C2)C=C1,65,Phenylacetylene,https://doi.org/10.1080/00397911.2018.1554142,optimization,1.1,1.0,0.1,,2.0,,Table 2,article,cadiot,O2
107,COC1=CC=C(C#C)C=C1,BrC#CC1=CC=CC=C1,CO,20h,25,,C(=O)([O-])[O-].[K+].[K+]  ,,,,,COC1=CC=C(C#CC#CC2=CC=CC=C2)C=C1,0,Phenylacetylene,https://doi.org/10.1080/00397911.2018.1554142,optimization,1.1,1.0,0.2,,2.0,,Table 2,article,cadiot,O2
108,COC1=CC=C(C#C)C=C1,BrC#CC1=CC=CC=C1,CO,20h,25,[Cu]Br,C(=O)([O-])[O-].[K+].[K+]  ,,,,,COC1=CC=C(C#CC#CC2=CC=CC=C2)C=C1,26,Phenylacetylene,https://doi.org/10.1080/00397911.2018.1554142,optimization,1.1,1.0,0.2,,2.0,,Table 2,article,cadiot,O2
109,COC1=CC=C(C#C)C=C1,BrC#CC1=CC=CC=C1,CO,20h,25,Br[Cu]Br,C(=O)([O-])[O-].[K+].[K+]  ,,,,,COC1=CC=C(C#CC#CC2=CC=CC=C2)C=C1,0,Phenylacetylene,https://doi.org/10.1080/00397911.2018.1554142,optimization,1.1,1.0,0.2,,2.0,,Table 2,article,cadiot,O2
110,COC1=CC=C(C#C)C=C1,BrC#CC1=CC=CC=C1,CO,20h,25,O=C(O[Cu]OC(C)=O)C,C(=O)([O-])[O-].[K+].[K+]  ,,,,,COC1=CC=C(C#CC#CC2=CC=CC=C2)C=C1,0,Phenylacetylene,https://doi.org/10.1080/00397911.2018.1554142,optimization,1.1,1.0,0.2,,2.0,,Table 2,article,cadiot,O2
111,COC1=CC=C(C#C)C=C1,BrC#CC1=CC=CC=C1,CO,20h,25,[Cu]I,[OH-].[Na+]  ,,,,,COC1=CC=C(C#CC#CC2=CC=CC=C2)C=C1,78,Phenylacetylene,https://doi.org/10.1080/00397911.2018.1554142,optimization,1.1,1.0,0.2,,2.0,,Table 2,article,cadiot,O2
181,[H]C#CC1=CC=CC=C1,IC1=CC=C(C(C)=O)C=C1,O1CCOCC1,48h,125,CC[Zn]CC,[O-]P([O-])([O-])=O.[K+].[K+].[K+],,,O=C([C@H]1NCCC1)O,,CC(C(C=C1)=CC=C1C#CC2=CC=CC=C2)=O,8,Acetophenone,https://doi.org/10.1016/j.tetlet.2015.08.027,optimization,1.0,1.1,0.05,0.1,2.0,,Table 1,article,cadiot,N2
182,[H]C#CC1=CC=CC=C1,IC1=CC=C(C(C)=O)C=C1,O1CCOCC1,48h,125,CC[Zn]CC,[O-]P([O-])([O-])=O.[K+].[K+].[K+],,,OC1=CC=C2C(C=CC=C2)=C1C3=C4C(C=CC=C4)=CC=C3O,,CC(C(C=C1)=CC=C1C#CC2=CC=CC=C2)=O,0,Acetophenone,https://doi.org/10.1016/j.tetlet.2015.08.027,optimization,1.0,1.1,0.05,0.1,2.0,,Table 1,article,cadiot,N2
183,[H]C#CC1=CC=CC=C1,IC1=CC=C(C(C)=O)C=C1,O1CCOCC1,48h,125,CC[Zn]CC,[O-]P([O-])([O-])=O.[K+].[K+].[K+],,,NCCN,,CC(C(C=C1)=CC=C1C#CC2=CC=CC=C2)=O,12,Acetophenone,https://doi.org/10.1016/j.tetlet.2015.08.027,optimization,1.0,1.1,0.05,0.1,2.0,,Table 1,article,cadiot,N2
184,[H]C#CC1=CC=CC=C1,IC1=CC=C(C(C)=O)C=C1,O1CCOCC1,48h,125,CC[Zn]CC,[O-]P([O-])([O-])=O.[K+].[K+].[K+],,,CNCCNC,,CC(C(C=C1)=CC=C1C#CC2=CC=CC=C2)=O,75,Acetophenone,https://doi.org/10.1016/j.tetlet.2015.08.027,optimization,1.0,1.1,0.05,0.1,2.0,,Table 1,article,cadiot,N2
185,[H]C#CC1=CC=CC=C1,IC1=CC=C(C(C)=O)C=C1,O1CCOCC1,48h,125,CC[Zn]CC,[O-]P([O-])([O-])=O.[K+].[K+].[K+],,,C12=CC=CN=C1C3=NC=CC=C3C=C2,,CC(C(C=C1)=CC=C1C#CC2=CC=CC=C2)=O,23,Acetophenone,https://doi.org/10.1016/j.tetlet.2015.08.027,optimization,1.0,1.1,0.05,0.1,2.0,,Table 1,article,cadiot,N2
186,[H]C#CC1=CC=CC=C1,IC1=CC=C(C(C)=O)C=C1,O1CCOCC1,48h,125,CC[Zn]CC,[O-]P([O-])([O-])=O.[K+].[K+].[K+],,,N[C@H]1[C@H](N)CCCC1,,CC(C(C=C1)=CC=C1C#CC2=CC=CC=C2)=O,66,Acetophenone,https://doi.org/10.1016/j.tetlet.2015.08.027,optimization,1.0,1.1,0.05,0.1,2.0,,Table 1,article,cadiot,N2
187,[H]C#CC1=CC=CC=C1,IC1=CC=C(C(C)=O)C=C1,O1CCOCC1,48h,125,CC[Zn]CC,[O-]P([O-])([O-])=O.[K+].[K+].[K+],,,O[C@H]1[C@H](O)CCCC1,,CC(C(C=C1)=CC=C1C#CC2=CC=CC=C2)=O,0,Acetophenone,https://doi.org/10.1016/j.tetlet.2015.08.027,optimization,1.0,1.1,0.05,0.1,2.0,,Table 2,article,cadiot,N2
188,[H]C#CC1=CC=CC=C1,IC1=CC=C(C(C)=O)C=C1,O1CCOCC1,48h,125,CC[Zn]CC,O=C([O-])[O-].[K+].[K+],,,CNCCNC,,CC(C(C=C1)=CC=C1C#CC2=CC=CC=C2)=O,60,Acetophenone,https://doi.org/10.1016/j.tetlet.2015.08.027,optimization,1.0,1.1,0.05,0.1,2.0,,Table 2,article,cadiot,N2
189,[H]C#CC1=CC=CC=C1,IC1=CC=C(C(C)=O)C=C1,O1CCOCC1,48h,125,CC[Zn]CC,O=C([O-])[O-].[Cs+].[Cs+],,,CNCCNC,,CC(C(C=C1)=CC=C1C#CC2=CC=CC=C2)=O,35,Acetophenone,https://doi.org/10.1016/j.tetlet.2015.08.027,optimization,1.0,1.1,0.05,0.1,2.0,,Table 2,article,cadiot,N2
190,[H]C#CC1=CC=CC=C1,IC1=CC=C(C(C)=O)C=C1,O1CCOCC1,48h,125,CC[Zn]CC,CCN(CC)CC,,,CNCCNC,,CC(C(C=C1)=CC=C1C#CC2=CC=CC=C2)=O,1,Acetophenone,https://doi.org/10.1016/j.tetlet.2015.08.027,optimization,1.0,1.1,0.05,0.1,2.0,,Table 2,article,cadiot,N2
191,[H]C#CC1=CC=CC=C1,IC1=CC=C(C(C)=O)C=C1,O1CCOCC1,48h,125,CC[Zn]CC,CC(C)([O-])C.[Na+],,,CNCCNC,,CC(C(C=C1)=CC=C1C#CC2=CC=CC=C2)=O,0,Acetophenone,https://doi.org/10.1016/j.tetlet.2015.08.027,optimization,1.0,1.1,0.05,0.1,2.0,,Table 2,article,cadiot,N2
192,[H]C#CC1=CC=CC=C1,IC1=CC=C(C(C)=O)C=C1,O1CCOCC1,48h,125,CC[Zn]CC,CC(C)([O-])C.[K+],,,CNCCNC,,CC(C(C=C1)=CC=C1C#CC2=CC=CC=C2)=O,0,Acetophenone,https://doi.org/10.1016/j.tetlet.2015.08.027,optimization,1.0,1.1,0.05,0.1,2.0,,Table 2,article,cadiot,N2
193,[H]C#CC1=CC=CC=C1,IC1=CC=C(C(C)=O)C=C1,O1CCOCC1,48h,125,CC[Zn]CC,[OH-].[Na+],,,CNCCNC,,CC(C(C=C1)=CC=C1C#CC2=CC=CC=C2)=O,0,Acetophenone,https://doi.org/10.1016/j.tetlet.2015.08.027,optimization,1.0,1.1,0.05,0.1,2.0,,Table 2,article,cadiot,N2
194,[H]C#CC1=CC=CC=C1,IC1=CC=C(C(C)=O)C=C1,O1CCOCC1,48h,125,CC[Zn]CC,[OH-].[K+],,,CNCCNC,,CC(C(C=C1)=CC=C1C#CC2=CC=CC=C2)=O,0,Acetophenone,https://doi.org/10.1016/j.tetlet.2015.08.027,optimization,1.0,1.1,0.05,0.1,2.0,,Table 2,article,cadiot,N2
195,[H]C#CC1=CC=CC=C1,IC1=CC=C(C(C)=O)C=C1,COC,48h,125,CC[Zn]CC,[O-]P([O-])([O-])=O.[K+].[K+].[K+],,,CNCCNC,,CC(C(C=C1)=CC=C1C#CC2=CC=CC=C2)=O,44,Acetophenone,https://doi.org/10.1016/j.tetlet.2015.08.027,optimization,1.0,1.1,0.05,0.1,2.0,,Table 2,article,cadiot,N2
196,[H]C#CC1=CC=CC=C1,IC1=CC=C(C(C)=O)C=C1,COC,48h,125,CC[Zn]CC,O=C([O-])[O-].[K+].[K+],,,CNCCNC,,CC(C(C=C1)=CC=C1C#CC2=CC=CC=C2)=O,0,Acetophenone,https://doi.org/10.1016/j.tetlet.2015.08.027,optimization,1.0,1.1,0.05,0.1,2.0,,Table 2,article,cadiot,N2
197,[H]C#CC1=CC=CC=C1,IC1=CC=C(C(C)=O)C=C1,COC,48h,125,CC[Zn]CC,O=C([O-])[O-].[Cs+].[Cs+],,,CNCCNC,,CC(C(C=C1)=CC=C1C#CC2=CC=CC=C2)=O,25,Acetophenone,https://doi.org/10.1016/j.tetlet.2015.08.027,optimization,1.0,1.1,0.05,0.1,2.0,,Table 2,article,cadiot,N2
198,[H]C#CC1=CC=CC=C1,IC1=CC=C(C(C)=O)C=C1,O1CCCC1,48h,125,CC[Zn]CC,[O-]P([O-])([O-])=O.[K+].[K+].[K+],,,CNCCNC,,CC(C(C=C1)=CC=C1C#CC2=CC=CC=C2)=O,38,Acetophenone,https://doi.org/10.1016/j.tetlet.2015.08.027,optimization,1.0,1.1,0.05,0.1,2.0,,Table 2,article,cadiot,N2
199,[H]C#CC1=CC=CC=C1,IC1=CC=C(C(C)=O)C=C1,O1CCCC1,48h,125,CC[Zn]CC,O=C([O-])[O-].[K+].[K+],,,CNCCNC,,CC(C(C=C1)=CC=C1C#CC2=CC=CC=C2)=O,31,Acetophenone,https://doi.org/10.1016/j.tetlet.2015.08.027,optimization,1.0,1.1,0.05,0.1,2.0,,Table 2,article,cadiot,N2
200,[H]C#CC1=CC=CC=C1,IC1=CC=C(C(C)=O)C=C1,O1CCCC1,48h,125,CC[Zn]CC,O=C([O-])[O-].[Cs+].[Cs+],,,CNCCNC,,CC(C(C=C1)=CC=C1C#CC2=CC=CC=C2)=O,1,Acetophenone,https://doi.org/10.1016/j.tetlet.2015.08.027,optimization,1.0,1.1,0.05,0.1,2.0,,Table 2,article,cadiot,N2
201,[H]C#CC1=CC=CC=C1,IC1=CC=C(C(C)=O)C=C1,CC1=CC=CC=C1,48h,125,CC[Zn]CC,[O-]P([O-])([O-])=O.[K+].[K+].[K+],,,CNCCNC,,CC(C(C=C1)=CC=C1C#CC2=CC=CC=C2)=O,1,Acetophenone,https://doi.org/10.1016/j.tetlet.2015.08.027,optimization,1.0,1.1,0.05,0.1,2.0,,Table 2,article,cadiot,N2
202,[H]C#CC1=CC=CC=C1,IC1=CC=C(C(C)=O)C=C1,CC1=CC=CC=C1,48h,125,CC[Zn]CC,O=C([O-])[O-].[K+].[K+],,,CNCCNC,,CC(C(C=C1)=CC=C1C#CC2=CC=CC=C2)=O,25,Acetophenone,https://doi.org/10.1016/j.tetlet.2015.08.027,optimization,1.0,1.1,0.05,0.1,2.0,,Table 2,article,cadiot,N2
203,[H]C#CC1=CC=CC=C1,IC1=CC=C(C(C)=O)C=C1,CC1=CC=CC=C1,48h,125,CC[Zn]CC,O=C([O-])[O-].[Cs+].[Cs+],,,CNCCNC,,CC(C(C=C1)=CC=C1C#CC2=CC=CC=C2)=O,20,Acetophenone,https://doi.org/10.1016/j.tetlet.2015.08.027,optimization,1.0,1.1,0.05,0.1,2.0,,Table 2,article,cadiot,N2
204,[H]C#CC1=CC=CC=C1,IC1=CC=C(C(C)=O)C=C1,CC(C)(O)C,48h,125,CC[Zn]CC,[O-]P([O-])([O-])=O.[K+].[K+].[K+],,,CNCCNC,,CC(C(C=C1)=CC=C1C#CC2=CC=CC=C2)=O,30,Acetophenone,https://doi.org/10.1016/j.tetlet.2015.08.027,optimization,1.0,1.1,0.05,0.1,2.0,,Table 2,article,cadiot,N2
205,[H]C#CC1=CC=CC=C1,IC1=CC=C(C(C)=O)C=C1,CC(C)(O)C,48h,125,CC[Zn]CC,O=C([O-])[O-].[K+].[K+],,,CNCCNC,,CC(C(C=C1)=CC=C1C#CC2=CC=CC=C2)=O,20,Acetophenone,https://doi.org/10.1016/j.tetlet.2015.08.027,optimization,1.0,1.1,0.05,0.1,2.0,,Table 2,article,cadiot,N2
206,[H]C#CC1=CC=CC=C1,IC1=CC=C(C(C)=O)C=C1,CC(C)(O)C,48h,125,CC[Zn]CC,O=C([O-])[O-].[Cs+].[Cs+],,,CNCCNC,,CC(C(C=C1)=CC=C1C#CC2=CC=CC=C2)=O,1,Acetophenone,https://doi.org/10.1016/j.tetlet.2015.08.027,optimization,1.0,1.1,0.05,0.1,2.0,,Table 2,article,cadiot,N2
207,[H]C#CC1=CC=CC=C1,IC1=CC=C(C(C)=O)C=C1,CC#N,48h,125,CC[Zn]CC,[O-]P([O-])([O-])=O.[K+].[K+].[K+],,,CNCCNC,,CC(C(C=C1)=CC=C1C#CC2=CC=CC=C2)=O,20,Acetophenone,https://doi.org/10.1016/j.tetlet.2015.08.027,optimization,1.0,1.1,0.05,0.1,2.0,,Table 2,article,cadiot,N2
208,[H]C#CC1=CC=CC=C1,IC1=CC=C(C(C)=O)C=C1,CC#N,48h,125,CC[Zn]CC,O=C([O-])[O-].[K+].[K+],,,CNCCNC,,CC(C(C=C1)=CC=C1C#CC2=CC=CC=C2)=O,1,Acetophenone,https://doi.org/10.1016/j.tetlet.2015.08.027,optimization,1.0,1.1,0.05,0.1,2.0,,Table 2,article,cadiot,N2
209,[H]C#CC1=CC=CC=C1,IC1=CC=C(C(C)=O)C=C1,CC#N,48h,125,CC[Zn]CC,O=C([O-])[O-].[Cs+].[Cs+],,,CNCCNC,,CC(C(C=C1)=CC=C1C#CC2=CC=CC=C2)=O,1,Acetophenone,https://doi.org/10.1016/j.tetlet.2015.08.027,optimization,1.0,1.1,0.05,0.1,2.0,,Table 2,article,cadiot,N2
210,[H]C#CC1=CC=CC=C1,IC1=CC=C(C(C)=O)C=C1,CN(C=O)C,48h,125,CC[Zn]CC,[O-]P([O-])([O-])=O.[K+].[K+].[K+],,,CNCCNC,,CC(C(C=C1)=CC=C1C#CC2=CC=CC=C2)=O,0,Acetophenone,https://doi.org/10.1016/j.tetlet.2015.08.027,optimization,1.0,1.1,0.05,0.1,2.0,,Table 2,article,cadiot,N2
211,[H]C#CC1=CC=CC=C1,IC1=CC=C(C(C)=O)C=C1,CN(C=O)C,48h,125,CC[Zn]CC,O=C([O-])[O-].[K+].[K+],,,CNCCNC,,CC(C(C=C1)=CC=C1C#CC2=CC=CC=C2)=O,0,Acetophenone,https://doi.org/10.1016/j.tetlet.2015.08.027,optimization,1.0,1.1,0.05,0.1,2.0,,Table 2,article,cadiot,N2
212,[H]C#CC1=CC=CC=C1,IC1=CC=C(C(C)=O)C=C1,CN(C=O)C,48h,125,CC[Zn]CC,O=C([O-])[O-].[Cs+].[Cs+],,,CNCCNC,,CC(C(C=C1)=CC=C1C#CC2=CC=CC=C2)=O,0,Acetophenone,https://doi.org/10.1016/j.tetlet.2015.08.027,optimization,1.0,1.1,0.05,0.1,2.0,,Table 2,article,cadiot,N2
213,[H]C#CC1=CC=CC=C1,IC1=CC=C(C(C)=O)C=C1,CS(C)=O,48h,125,CC[Zn]CC,[O-]P([O-])([O-])=O.[K+].[K+].[K+],,,CNCCNC,,CC(C(C=C1)=CC=C1C#CC2=CC=CC=C2)=O,0,Acetophenone,https://doi.org/10.1016/j.tetlet.2015.08.027,optimization,1.0,1.1,0.05,0.1,2.0,,Table 2,article,cadiot,N2
214,[H]C#CC1=CC=CC=C1,IC1=CC=C(C(C)=O)C=C1,CS(C)=O,48h,125,CC[Zn]CC,O=C([O-])[O-].[K+].[K+],,,CNCCNC,,CC(C(C=C1)=CC=C1C#CC2=CC=CC=C2)=O,0,Acetophenone,https://doi.org/10.1016/j.tetlet.2015.08.027,optimization,1.0,1.1,0.05,0.1,2.0,,Table 2,article,cadiot,N2
215,[H]C#CC1=CC=CC=C1,IC1=CC=C(C(C)=O)C=C1,CS(C)=O,48h,125,CC[Zn]CC,O=C([O-])[O-].[Cs+].[Cs+],,,CNCCNC,,CC(C(C=C1)=CC=C1C#CC2=CC=CC=C2)=O,0,Acetophenone,https://doi.org/10.1016/j.tetlet.2015.08.027,optimization,1.0,1.1,0.05,0.1,2.0,,Table 2,article,cadiot,N2
216,[H]C#CC1=CC=CC=C1,IC1=CC=C(C(C)=O)C=C1,CN1CCCC1=O,48h,125,CC[Zn]CC,[O-]P([O-])([O-])=O.[K+].[K+].[K+],,,CNCCNC,,CC(C(C=C1)=CC=C1C#CC2=CC=CC=C2)=O,0,Acetophenone,https://doi.org/10.1016/j.tetlet.2015.08.027,optimization,1.0,1.1,0.05,0.1,2.0,,Table 2,article,cadiot,N2
217,[H]C#CC1=CC=CC=C1,IC1=CC=C(C(C)=O)C=C1,CN1CCCC1=O,48h,125,CC[Zn]CC,O=C([O-])[O-].[K+].[K+],,,CNCCNC,,CC(C(C=C1)=CC=C1C#CC2=CC=CC=C2)=O,0,Acetophenone,https://doi.org/10.1016/j.tetlet.2015.08.027,optimization,1.0,1.1,0.05,0.1,2.0,,Table 2,article,cadiot,N2
218,[H]C#CC1=CC=CC=C1,IC1=CC=C(C(C)=O)C=C1,CN1CCCC1=O,48h,125,CC[Zn]CC,O=C([O-])[O-].[Cs+].[Cs+],,,CNCCNC,,CC(C(C=C1)=CC=C1C#CC2=CC=CC=C2)=O,0,Acetophenone,https://doi.org/10.1016/j.tetlet.2015.08.027,optimization,1.0,1.1,0.05,0.1,2.0,,Table 2,article,cadiot,N2
219,[H]C#CC1=CC=CC=C1,IC1=CC=C(C(C)=O)C=C1,O1CCOCC1,48h,80,CC[Zn]CC,[O-]P([O-])([O-])=O.[K+].[K+].[K+],,,CNCCNC,,CC(C(C=C1)=CC=C1C#CC2=CC=CC=C2)=O,40,Acetophenone,https://doi.org/10.1016/j.tetlet.2015.08.027,optimization,1.0,1.1,0.05,0.1,2.0,,Table 2,article,cadiot,N2
220,[H]C#CC1=CC=CC=C1,IC1=CC=C(C(C)=O)C=C1,O1CCOCC1,48h,125,CC[Zn]CC,,,,CNCCNC,,CC(C(C=C1)=CC=C1C#CC2=CC=CC=C2)=O,0,Acetophenone,https://doi.org/10.1016/j.tetlet.2015.08.027,optimization,1.0,1.1,0.05,0.1,,,Table 2,article,cadiot,N2
221,[H]C#CC1=CC=CC=C1,IC1=CC=C(C(C)=O)C=C1,O1CCOCC1,48h,125,CC[Zn]CC,[O-]P([O-])([O-])=O.[K+].[K+].[K+],,,,,CC(C(C=C1)=CC=C1C#CC2=CC=CC=C2)=O,34,Acetophenone,https://doi.org/10.1016/j.tetlet.2015.08.027,optimization,1.0,1.1,0.05,,2.0,,Table 2,article,cadiot,N2
222,[H]C#CC1=CC=CC=C1,IC1=CC=C(C(C)=O)C=C1,O1CCOCC1,48h,125,,[O-]P([O-])([O-])=O.[K+].[K+].[K+],,,CNCCNC,,CC(C(C=C1)=CC=C1C#CC2=CC=CC=C2)=O,18,Acetophenone,https://doi.org/10.1016/j.tetlet.2015.08.027,optimization,1.0,1.1,,0.1,2.0,,Table 2,article,cadiot,N2
223,[H]C#CC1=CC=CC=C1,IC1=CC=C(C(C)=O)C=C1,O1CCOCC1,48h,125,,[O-]P([O-])([O-])=O.[K+].[K+].[K+],,,,,CC(C(C=C1)=CC=C1C#CC2=CC=CC=C2)=O,0,Acetophenone,https://doi.org/10.1016/j.tetlet.2015.08.027,optimization,1.0,1.1,,,2.0,,Table 2,article,cadiot,N2
224,[H]C#CC1=CC=CC=C1,IC1=CC=C(C(C)=O)C=C1,O1CCOCC1,48h,125,CC[Zn]CC,[O-]P([O-])([O-])=O.[K+].[K+].[K+],,,CNCCNC,,CC(C(C=C1)=CC=C1C#CC2=CC=CC=C2)=O,28,Acetophenone,https://doi.org/10.1016/j.tetlet.2015.08.027,optimization,1.0,1.1,1.0,1.0,2.0,,Table 2,article,cadiot,N2
225,[H]C#CC1=CC=CC=C1,IC1=CC=C(C(C)=O)C=C1,O1CCOCC1,48h,125,CC[Zn]CC,[O-]P([O-])([O-])=O.[K+].[K+].[K+],,,CNCCNC,,CC(C(C=C1)=CC=C1C#CC2=CC=CC=C2)=O,52,Acetophenone,https://doi.org/10.1016/j.tetlet.2015.08.027,optimization,1.0,1.1,0.05,0.1,1.0,,Table 2,article,cadiot,N2
226,[H]C#CC1=CC=CC=C1,IC1=CC=C(C(C)=O)C=C1,O1CCOCC1,48h,125,CC[Zn]CC,[O-]P([O-])([O-])=O.[K+].[K+].[K+],,,CNCCNC,,CC(C(C=C1)=CC=C1C#CC2=CC=CC=C2)=O,1,Acetophenone,https://doi.org/10.1016/j.tetlet.2015.08.027,optimization,1.0,1.1,0.05,0.1,1.0,,Table 2,article,cadiot,
227,[H]C#CC1=CC=CC=C1,IC1=CC=C(C(C)=O)C=C1,O1CCOCC1,48h,125,CC[Zn]CC,[O-]P([O-])([O-])=O.[K+].[K+].[K+],,,CNCCNC,,CC(C(C=C1)=CC=C1C#CC2=CC=CC=C2)=O,43,Acetophenone,https://doi.org/10.1016/j.tetlet.2015.08.027,optimization,1.0,1.1,0.2,0.1,2.0,,Table 2,article,cadiot,N2
242,OB(O)C1=CC=CC=C1,CC1=CC=C(C#CBr)C=C1,O1CCCC1,48h,80,O=C(O[Zn]OC(C)=O)C,[O-]P([O-])([O-])=O.[K+].[K+].[K+],,,CNCCNC,,CC1=CC=C(C#CC2=CC=CC=C2)C=C1,0,1-ethynyl-4-methylbenzene,https://doi.org/10.1016/j.jcat.2019.03.005,optimization,3.0,1.0,0.2,0.4,4.0,,table.1,Research_Article,suzuki,N2
243,OB(O)C1=CC=CC=C1,CC1=CC=C(C#CBr)C=C1,O1CCCC1,48h,80,Cl[Zn]Cl,[O-]P([O-])([O-])=O.[K+].[K+].[K+],,,CNCCNC,,CC1=CC=C(C#CC2=CC=CC=C2)C=C1,1,1-ethynyl-4-methylbenzene,https://doi.org/10.1016/j.jcat.2019.03.006,optimization,3.0,1.0,0.2,0.4,4.0,,table.1,Research_Article,suzuki,N2
244,OB(O)C1=CC=CC=C1,CC1=CC=C(C#CBr)C=C1,O1CCCC1,48h,80,[Zn]S(=O)(OOS(=O)(O[O])=O)=O,[O-]P([O-])([O-])=O.[K+].[K+].[K+],,,CNCCNC,,CC1=CC=C(C#CC2=CC=CC=C2)C=C1,0,1-ethynyl-4-methylbenzene,https://doi.org/10.1016/j.jcat.2019.03.007,optimization,3.0,1.0,0.2,0.4,4.0,,table.1,Research_Article,suzuki,N2
245,OB(O)C1=CC=CC=C1,CC1=CC=C(C#CBr)C=C1,O1CCCC1,48h,80,[Zn]C(OOC(O[O])=O)=O,[O-]P([O-])([O-])=O.[K+].[K+].[K+],,,CNCCNC,,CC1=CC=C(C#CC2=CC=CC=C2)C=C1,0,1-ethynyl-4-methylbenzene,https://doi.org/10.1016/j.jcat.2019.03.008,optimization,3.0,1.0,0.2,0.4,4.0,,table.1,Research_Article,suzuki,N2
246,OB(O)C1=CC=CC=C1,CC1=CC=C(C#CBr)C=C1,O1CCCC1,48h,80,CC[Zn]CC,[O-]P([O-])([O-])=O.[K+].[K+].[K+],,,CNCCNC,,CC1=CC=C(C#CC2=CC=CC=C2)C=C1,92,1-ethynyl-4-methylbenzene,https://doi.org/10.1016/j.jcat.2019.03.009,optimization,3.0,1.0,0.2,0.4,4.0,,table.1,Research_Article,suzuki,N2
247,OB(O)C1=CC=CC=C1,CC1=CC=C(C#CBr)C=C1,O1CCCC1,48h,80,CC[Zn]CC,[O-]P([O-])([O-])=O.[K+].[K+].[K+],,,NCCN,,CC1=CC=C(C#CC2=CC=CC=C2)C=C1,1,1-ethynyl-4-methylbenzene,https://doi.org/10.1016/j.jcat.2019.03.010,optimization,3.0,1.0,0.2,0.4,4.0,,scheme.2,Research_Article,suzuki,N2
248,OB(O)C1=CC=CC=C1,CC1=CC=C(C#CBr)C=C1,O1CCCC1,48h,80,CC[Zn]CC,[O-]P([O-])([O-])=O.[K+].[K+].[K+],,,C13=CC=CN=C1C2=NC=CC=C2C=C3,,CC1=CC=C(C#CC2=CC=CC=C2)C=C1,1,1-ethynyl-4-methylbenzene,https://doi.org/10.1016/j.jcat.2019.03.011,optimization,3.0,1.0,0.2,0.4,4.0,,scheme.3,Research_Article,suzuki,N2
249,OB(O)C1=CC=CC=C1,CC1=CC=C(C#CBr)C=C1,O1CCCC1,48h,80,CC[Zn]CC,[O-]P([O-])([O-])=O.[K+].[K+].[K+],,,N[C@H]1[C@H](N)CCCC1,,CC1=CC=C(C#CC2=CC=CC=C2)C=C1,1,1-ethynyl-4-methylbenzene,https://doi.org/10.1016/j.jcat.2019.03.012,optimization,3.0,1.0,0.2,0.4,4.0,,scheme.4,Research_Article,suzuki,N2
250,OB(O)C1=CC=CC=C1,CC1=CC=C(C#CBr)C=C1,O1CCCC1,48h,80,CC[Zn]CC,[O-]P([O-])([O-])=O.[K+].[K+].[K+],,,O[C@]([C@@H]1CCCN1)=O,,CC1=CC=C(C#CC2=CC=CC=C2)C=C1,38,1-ethynyl-4-methylbenzene,https://doi.org/10.1016/j.jcat.2019.03.013,optimization,3.0,1.0,0.2,0.4,4.0,,scheme.5,Research_Article,suzuki,N2
251,OB(O)C1=CC=CC=C1,CC1=CC=C(C#CBr)C=C1,O1CCCC1,48h,80,CC[Zn]CC,[O-]P([O-])([O-])=O.[K+].[K+].[K+],,,OC2=CC=CC1=CC=CN=C12,,CC1=CC=C(C#CC2=CC=CC=C2)C=C1,47,1-ethynyl-4-methylbenzene,https://doi.org/10.1016/j.jcat.2019.03.014,optimization,3.0,1.0,0.2,0.4,4.0,,scheme.6,Research_Article,suzuki,N2
252,OB(O)C1=CC=CC=C1,CC1=CC=C(C#CBr)C=C1,O1CCCC1,48h,80,CC[Zn]CC,[O-]P([O-])([O-])=O.[K+].[K+].[K+],,,OCCO,,CC1=CC=C(C#CC2=CC=CC=C2)C=C1,10,1-ethynyl-4-methylbenzene,https://doi.org/10.1016/j.jcat.2019.03.015,optimization,3.0,1.0,0.2,0.4,4.0,,scheme.7,Research_Article,suzuki,N2
253,OB(O)C1=CC=CC=C1,CC1=CC=C(C#CBr)C=C1,O1CCCC1,48h,80,CC[Zn]CC,[O-]P([O-])([O-])=O.[K+].[K+].[K+],,,O[C@H]1[C@H](O)CCCC1,,CC1=CC=C(C#CC2=CC=CC=C2)C=C1,15,1-ethynyl-4-methylbenzene,https://doi.org/10.1016/j.jcat.2019.03.016,optimization,3.0,1.0,0.2,0.4,4.0,,scheme.8,Research_Article,suzuki,N2
254,OB(O)C1=CC=CC=C1,CC1=CC=C(C#CBr)C=C1,O1CCCC1,48h,80,CC[Zn]CC,CC(C)([O-])C.[K+],,,CNCCNC,,CC1=CC=C(C#CC2=CC=CC=C2)C=C1,1,1-ethynyl-4-methylbenzene,https://doi.org/10.1016/j.jcat.2019.03.017,optimization,3.0,1.0,0.2,0.4,4.0,,table.2,Research_Article,suzuki,N2
255,OB(O)C1=CC=CC=C1,CC1=CC=C(C#CBr)C=C1,O1CCCC1,48h,80,CC[Zn]CC,O=C([O-])[O-].[Cs+].[Cs+],,,CNCCNC,,CC1=CC=C(C#CC2=CC=CC=C2)C=C1,17,1-ethynyl-4-methylbenzene,https://doi.org/10.1016/j.jcat.2019.03.018,optimization,3.0,1.0,0.2,0.4,4.0,,table.2,Research_Article,suzuki,N2
256,OB(O)C1=CC=CC=C1,CC1=CC=C(C#CBr)C=C1,O1CCCC1,48h,80,CC[Zn]CC,[OH-][K+],,,CNCCNC,,CC1=CC=C(C#CC2=CC=CC=C2)C=C1,52,1-ethynyl-4-methylbenzene,https://doi.org/10.1016/j.jcat.2019.03.019,optimization,3.0,1.0,0.2,0.4,4.0,,table.2,Research_Article,suzuki,N2
257,OB(O)C1=CC=CC=C1,CC1=CC=C(C#CBr)C=C1,O1CCCC1,48h,80,CC[Zn]CC,O=C([O-])[O-].[K+].[K+],,,CNCCNC,,CC1=CC=C(C#CC2=CC=CC=C2)C=C1,24,1-ethynyl-4-methylbenzene,https://doi.org/10.1016/j.jcat.2019.03.020,optimization,3.0,1.0,0.2,0.4,4.0,,table.2,Research_Article,suzuki,N2
258,OB(O)C1=CC=CC=C1,CC1=CC=C(C#CBr)C=C1,O1CCCC1,48h,80,CC[Zn]CC,[2H-].[Na+],,,CNCCNC,,CC1=CC=C(C#CC2=CC=CC=C2)C=C1,29,1-ethynyl-4-methylbenzene,https://doi.org/10.1016/j.jcat.2019.03.021,optimization,3.0,1.0,0.2,0.4,4.0,,table.2,Research_Article,suzuki,N2
259,OB(O)C1=CC=CC=C1,CC1=CC=C(C#CBr)C=C1,O1CCCC1,48h,80,CC[Zn]CC,CCN(CC)CC,,,CNCCNC,,CC1=CC=C(C#CC2=CC=CC=C2)C=C1,1,1-ethynyl-4-methylbenzene,https://doi.org/10.1016/j.jcat.2019.03.022,optimization,3.0,1.0,0.2,0.4,4.0,,table.2,Research_Article,suzuki,N2
260,OB(O)C1=CC=CC=C1,CC1=CC=C(C#CBr)C=C1,CC#N,48h,80,CC[Zn]CC,[O-]P([O-])([O-])=O.[K+].[K+].[K+],,,CNCCNC,,CC1=CC=C(C#CC2=CC=CC=C2)C=C1,83,1-ethynyl-4-methylbenzene,https://doi.org/10.1016/j.jcat.2019.03.023,optimization,3.0,1.0,0.2,0.4,4.0,,table.2,Research_Article,suzuki,N2
261,OB(O)C1=CC=CC=C1,CC1=CC=C(C#CBr)C=C1,C1COCCO1,48h,80,CC[Zn]CC,[O-]P([O-])([O-])=O.[K+].[K+].[K+],,,CNCCNC,,CC1=CC=C(C#CC2=CC=CC=C2)C=C1,69,1-ethynyl-4-methylbenzene,https://doi.org/10.1016/j.jcat.2019.03.024,optimization,3.0,1.0,0.2,0.4,4.0,,table.2,Research_Article,suzuki,N2
262,OB(O)C1=CC=CC=C1,CC1=CC=C(C#CBr)C=C1,COC,48h,80,CC[Zn]CC,[O-]P([O-])([O-])=O.[K+].[K+].[K+],,,CNCCNC,,CC1=CC=C(C#CC2=CC=CC=C2)C=C1,27,1-ethynyl-4-methylbenzene,https://doi.org/10.1016/j.jcat.2019.03.025,optimization,3.0,1.0,0.2,0.4,4.0,,table.2,Research_Article,suzuki,N2
263,OB(O)C1=CC=CC=C1,CC1=CC=C(C#CBr)C=C1,CCO,48h,80,CC[Zn]CC,[O-]P([O-])([O-])=O.[K+].[K+].[K+],,,CNCCNC,,CC1=CC=C(C#CC2=CC=CC=C2)C=C1,33,1-ethynyl-4-methylbenzene,https://doi.org/10.1016/j.jcat.2019.03.026,optimization,3.0,1.0,0.2,0.4,4.0,,table.2,Research_Article,suzuki,N2
264,OB(O)C1=CC=CC=C1,CC1=CC=C(C#CBr)C=C1,CO,48h,80,CC[Zn]CC,[O-]P([O-])([O-])=O.[K+].[K+].[K+],,,CNCCNC,,CC1=CC=C(C#CC2=CC=CC=C2)C=C1,1,1-ethynyl-4-methylbenzene,https://doi.org/10.1016/j.jcat.2019.03.027,optimization,3.0,1.0,0.2,0.4,4.0,,table.2,Research_Article,suzuki,N2
265,OB(O)C1=CC=CC=C1,CC1=CC=C(C#CBr)C=C1,CN(C=O)C,48h,80,CC[Zn]CC,[O-]P([O-])([O-])=O.[K+].[K+].[K+],,,CNCCNC,,CC1=CC=C(C#CC2=CC=CC=C2)C=C1,0,1-ethynyl-4-methylbenzene,https://doi.org/10.1016/j.jcat.2019.03.028,optimization,3.0,1.0,0.2,0.4,4.0,,table.2,Research_Article,suzuki,N2
266,OB(O)C1=CC=CC=C1,CC1=CC=C(C#CBr)C=C1,CS(C)=O,48h,80,CC[Zn]CC,[O-]P([O-])([O-])=O.[K+].[K+].[K+],,,CNCCNC,,CC1=CC=C(C#CC2=CC=CC=C2)C=C1,1,1-ethynyl-4-methylbenzene,https://doi.org/10.1016/j.jcat.2019.03.029,optimization,3.0,1.0,0.2,0.4,4.0,,table.2,Research_Article,suzuki,N2
267,OB(O)C1=CC=CC=C1,CC1=CC=C(C#CBr)C=C1,CC1=CC=CC=C1,48h,80,CC[Zn]CC,[O-]P([O-])([O-])=O.[K+].[K+].[K+],,,CNCCNC,,CC1=CC=C(C#CC2=CC=CC=C2)C=C1,0,1-ethynyl-4-methylbenzene,https://doi.org/10.1016/j.jcat.2019.03.030,optimization,3.0,1.0,0.2,0.4,4.0,,table.2,Research_Article,suzuki,N2
268,OB(O)C1=CC=CC=C1,CC1=CC=C(C#CBr)C=C1,O1CCCC1,48h,130,CC[Zn]CC,[O-]P([O-])([O-])=O.[K+].[K+].[K+],,,CNCCNC,,CC1=CC=C(C#CC2=CC=CC=C2)C=C1,1,1-ethynyl-4-methylbenzene,https://doi.org/10.1016/j.jcat.2019.03.031,optimization,3.0,1.0,0.2,0.4,4.0,,table.2,Research_Article,suzuki,N2
269,OB(O)C1=CC=CC=C1,CC1=CC=C(C#CBr)C=C1,O1CCCC1,48h,80,CC[Zn]CC,[O-]P([O-])([O-])=O.[K+].[K+].[K+],,,CNCCNC,,CC1=CC=C(C#CC2=CC=CC=C2)C=C1,52,1-ethynyl-4-methylbenzene,https://doi.org/10.1016/j.jcat.2019.03.032,optimization,2.0,1.0,0.2,0.4,4.0,,table.2,Research_Article,suzuki,N2
270,OB(O)C1=CC=CC=C1,CC1=CC=C(C#CBr)C=C1,O1CCCC1,48h,80,CC[Zn]CC,[O-]P([O-])([O-])=O.[K+].[K+].[K+],,,CNCCNC,,CC1=CC=C(C#CC2=CC=CC=C2)C=C1,46,1-ethynyl-4-methylbenzene,https://doi.org/10.1016/j.jcat.2019.03.033,optimization,1.5,1.0,0.2,0.4,4.0,,table.2,Research_Article,suzuki,N2
271,OB(O)C1=CC=CC=C1,CC1=CC=C(C#CBr)C=C1,O1CCCC1,48h,80,CC[Zn]CC,[O-]P([O-])([O-])=O.[K+].[K+].[K+],,,CNCCNC,,CC1=CC=C(C#CC2=CC=CC=C2)C=C1,31,1-ethynyl-4-methylbenzene,https://doi.org/10.1016/j.jcat.2019.03.034,optimization,3.0,1.0,0.2,0.4,2.0,,table.2,Research_Article,suzuki,N2
272,OB(O)C1=CC=CC=C1,CC1=CC=C(C#CBr)C=C1,O1CCCC1,24h,80,CC[Zn]CC,[O-]P([O-])([O-])=O.[K+].[K+].[K+],,,CNCCNC,,CC1=CC=C(C#CC2=CC=CC=C2)C=C1,77,1-ethynyl-4-methylbenzene,https://doi.org/10.1016/j.jcat.2019.03.035,optimization,3.0,1.0,0.2,0.4,4.0,,table.2,Research_Article,suzuki,N2
273,OB(O)C1=CC=CC=C1,CC1=CC=C(C#CBr)C=C1,O1CCCC1,48h,80,CC[Zn]CC,[O-]P([O-])([O-])=O.[K+].[K+].[K+],,,CNCCNC,,CC1=CC=C(C#CC2=CC=CC=C2)C=C1,1,1-ethynyl-4-methylbenzene,https://doi.org/10.1016/j.jcat.2019.03.036,optimization,3.0,1.0,0.2,0.4,4.0,,table.2,Research_Article,suzuki,N2
274,OB(O)C1=CC=CC=C1,CC1=CC=C(C#CBr)C=C1,O1CCCC1,48h,80,CC[Zn]CC,[O-]P([O-])([O-])=O.[K+].[K+].[K+],,,,,CC1=CC=C(C#CC2=CC=CC=C2)C=C1,1,1-ethynyl-4-methylbenzene,https://doi.org/10.1016/j.jcat.2019.03.037,optimization,3.0,1.0,0.2,0.4,4.0,,table.2,Research_Article,suzuki,N2
275,OB(O)C1=CC=CC=C1,CC1=CC=C(C#CBr)C=C1,O1CCCC1,48h,80,CC[Zn]CC,[O-]P([O-])([O-])=O.[K+].[K+].[K+],,,,,CC1=CC=C(C#CC2=CC=CC=C2)C=C1,1,1-ethynyl-4-methylbenzene,https://doi.org/10.1016/j.jcat.2019.03.038,optimization,3.0,1.0,0.2,0.4,4.0,,table.2,Research_Article,suzuki,N2
276,OB(O)C1=CC=CC=C1,CC1=CC=C(C#CBr)C=C1,O1CCCC1,48h,80,CC[Zn]CC,[O-]P([O-])([O-])=O.[K+].[K+].[K+],,,CNCCNC,,CC1=CC=C(C#CC2=CC=CC=C2)C=C1,1,1-ethynyl-4-methylbenzene,https://doi.org/10.1016/j.jcat.2019.03.039,optimization,3.0,1.0,0.2,0.4,4.0,,table.2,Research_Article,suzuki,
277,OB(O)C1=CC=CC=C1,CC1=CC=C(C#CBr)C=C1,O1CCCC1,48h,80,CC[Zn]CC,[O-]P([O-])([O-])=O.[K+].[K+].[K+],,,CNCCNC,,CC1=CC=C(C#CC2=CC=CC=C2)C=C1,58,1-ethynyl-4-methylbenzene,https://doi.org/10.1016/j.jcat.2019.03.040,optimization,3.0,1.0,0.3,0.6,4.0,,table.3,Research_Article,suzuki,N2
278,OB(O)C1=CC=CC=C1,CC1=CC=C(C#CBr)C=C1,O1CCCC1,48h,80,CC[Zn]CC,[O-]P([O-])([O-])=O.[K+].[K+].[K+],,,CNCCNC,,CC1=CC=C(C#CC2=CC=CC=C2)C=C1,69,1-ethynyl-4-methylbenzene,https://doi.org/10.1016/j.jcat.2019.03.041,optimization,3.0,1.0,0.25,0.5,4.0,,table.3,Research_Article,suzuki,N2
279,OB(O)C1=CC=CC=C1,CC1=CC=C(C#CBr)C=C1,O1CCCC1,48h,80,CC[Zn]CC,[O-]P([O-])([O-])=O.[K+].[K+].[K+],,,CNCCNC,,CC1=CC=C(C#CC2=CC=CC=C2)C=C1,96,1-ethynyl-4-methylbenzene,https://doi.org/10.1016/j.jcat.2019.03.042,optimization,3.0,1.0,0.15,0.3,4.0,,table.3,Research_Article,suzuki,N2
280,OB(O)C1=CC=CC=C1,CC1=CC=C(C#CBr)C=C1,O1CCCC1,48h,80,CC[Zn]CC,[O-]P([O-])([O-])=O.[K+].[K+].[K+],,,CNCCNC,,CC1=CC=C(C#CC2=CC=CC=C2)C=C1,44,1-ethynyl-4-methylbenzene,https://doi.org/10.1016/j.jcat.2019.03.043,optimization,3.0,1.0,0.1,0.2,4.0,,table.3,Research_Article,suzuki,N2
281,FC1=CC=C(B(O)O)C=C1,CC1=CC=C(C#CBr)C=C1,O1CCCC1,48h,80,CC[Zn]CC,[O-]P([O-])([O-])=O.[K+].[K+].[K+],,,CNCCNC,,CC1=CC=C(C#CC2=CC=C(F)C=C2)C=C1,83,1-ethynyl-4-methylbenzene,https://doi.org/10.1016/j.jcat.2019.03.044,optimization,3.0,1.0,0.1,0.2,4.0,,table.4,Research_Article,suzuki,N3
282,ClC1=CC=C(B(O)O)C=C1,CC1=CC=C(C#CBr)C=C1,O1CCCC1,48h,80,CC[Zn]CC,[O-]P([O-])([O-])=O.[K+].[K+].[K+],,,CNCCNC,,CC1=CC=C(C#CC2=CC=C(Cl)C=C2)C=C1,69,1-ethynyl-4-methylbenzene,https://doi.org/10.1016/j.jcat.2019.03.045,optimization,3.0,1.0,0.1,0.2,4.0,,table.5,Research_Article,suzuki,N4
283,OB(O)C1=CC=C(C(C)=O)C=C1,CC1=CC=C(C#CBr)C=C1,O1CCCC1,48h,80,CC[Zn]CC,[O-]P([O-])([O-])=O.[K+].[K+].[K+],,,CNCCNC,,CC1=CC=C(C#CC2=CC=C(C(C)=O)C=C2)C=C1,44,1-ethynyl-4-methylbenzene,https://doi.org/10.1016/j.jcat.2019.03.046,optimization,3.0,1.0,0.1,0.2,4.0,,table.6,Research_Article,suzuki,N5
284,OB(O)C1=CC=C(C(C)=O)C=C1,CC1=CC=C(C#CBr)C=C1,O1CCCC1,48h,80,CC[Zn]CC,[O-]P([O-])([O-])=O.[K+].[K+].[K+],,,CNCCNC,,CC1=CC=C(C#CC2=CC=C(C=O)C=C2)C=C1,39,1-ethynyl-4-methylbenzene,https://doi.org/10.1016/j.jcat.2019.03.047,optimization,3.0,1.0,0.1,0.2,4.0,,table.7,Research_Article,suzuki,N6
285,OB(O)C1=CC=C(OC)C=C1,CC1=CC=C(C#CBr)C=C1,O1CCCC1,48h,80,CC[Zn]CC,[O-]P([O-])([O-])=O.[K+].[K+].[K+],,,CNCCNC,,CC1=CC=C(C#CC2=CC=C(OC)C=C2)C=C1,31,1-ethynyl-4-methylbenzene,https://doi.org/10.1016/j.jcat.2019.03.048,optimization,3.0,1.0,0.1,0.2,4.0,,table.8,Research_Article,suzuki,N7
286,OB(O)C1=CC=CC=C1,BrC#CC1=CC=C(OC)C=C1,O1CCCC1,48h,80,CC[Zn]CC,[O-]P([O-])([O-])=O.[K+].[K+].[K+],,,CNCCNC,,COC1=CC=C(C#CC2=CC=CC=C2)C=C1,63,1-ethynyl-4-methoxybenzene,https://doi.org/10.1016/j.jcat.2019.03.049,optimization,3.0,1.0,0.1,0.2,4.0,,table.9,Research_Article,suzuki,N8
287,FC1=CC=C(B(O)O)C=C1,BrC#CC1=CC=C(OC)C=C1,O1CCCC1,48h,80,CC[Zn]CC,[O-]P([O-])([O-])=O.[K+].[K+].[K+],,,CNCCNC,,FC(C=C2)=CC=C2C#CC1=CC=C(OC)C=C1,61,1-ethynyl-4-methoxybenzene,https://doi.org/10.1016/j.jcat.2019.03.050,optimization,3.0,1.0,0.1,0.2,4.0,,table.10,Research_Article,suzuki,N9
288,ClC1=CC=C(B(O)O)C=C1,BrC#CC1=CC=C(OC)C=C1,O1CCCC1,48h,80,CC[Zn]CC,[O-]P([O-])([O-])=O.[K+].[K+].[K+],,,CNCCNC,,ClC(C=C2)=CC=C2C#CC1=CC=C(OC)C=C1,55,1-ethynyl-4-methoxybenzene,https://doi.org/10.1016/j.jcat.2019.03.051,optimization,3.0,1.0,0.1,0.2,4.0,,table.11,Research_Article,suzuki,N10
289,OB(O)C1=CC=C(OC)C=C1,BrC#CC1=CC=C(OC)C=C1,O1CCCC1,48h,80,CC[Zn]CC,[O-]P([O-])([O-])=O.[K+].[K+].[K+],,,CNCCNC,,COC1=CC=C(C#CC2=CC=C(OC)C=C2)C=C1,51,1-ethynyl-4-methoxybenzene,https://doi.org/10.1016/j.jcat.2019.03.052,optimization,3.0,1.0,0.1,0.2,4.0,,table.12,Research_Article,suzuki,N11
290,OB(O)C1=CC=CC=C1,BrC#CC1=CC=CC=C1,O1CCCC1,48h,80,CC[Zn]CC,[O-]P([O-])([O-])=O.[K+].[K+].[K+],,,CNCCNC,,C1(C#CC2=CC=CC=C2)=CC=CC=C1,98,phenylacetylene,https://doi.org/10.1016/j.jcat.2019.03.053,optimization,3.0,1.0,0.1,0.2,4.0,,table.13,Research_Article,suzuki,N12
291,ClC1=CC=C(B(O)O)C=C1,BrC#CC1=CC=CC=C1,O1CCCC1,48h,80,CC[Zn]CC,[O-]P([O-])([O-])=O.[K+].[K+].[K+],,,CNCCNC,,ClC(C=C2)=CC=C2C#CC1=CC=CC=C1,75,phenylacetylene,https://doi.org/10.1016/j.jcat.2019.03.054,optimization,3.0,1.0,0.1,0.2,4.0,,table.14,Research_Article,suzuki,N13
292,OB(O)C1=CC=C(OC)C=C1,BrC#CC1=CC=CC=C1,O1CCCC1,48h,80,CC[Zn]CC,[O-]P([O-])([O-])=O.[K+].[K+].[K+],,,CNCCNC,,COC(C=C2)=CC=C2C#CC1=CC=CC=C1,55,phenylacetylene,https://doi.org/10.1016/j.jcat.2019.03.055,optimization,3.0,1.0,0.1,0.2,4.0,,table.15,Research_Article,suzuki,N14
293,OB(O)C1=CC=CC=C1C,CC1=CC=C(C#CBr)C=C1,O1CCCC1,48h,80,CC[Zn]CC,[O-]P([O-])([O-])=O.[K+].[K+].[K+],,,CNCCNC,,CC1=CC=C(C#CC2=C(C)C=CC=C2)C=C1,49,1-ethynyl-4-methylbenzene,https://doi.org/10.1016/j.jcat.2019.03.056,optimization,3.0,1.0,0.1,0.2,4.0,,table.16,Research_Article,suzuki,N15
294,OB(O)C1=CC=CC(Cl)=C1,CC1=CC=C(C#CBr)C=C1,O1CCCC1,48h,80,CC[Zn]CC,[O-]P([O-])([O-])=O.[K+].[K+].[K+],,,CNCCNC,,CC1=CC=C(C#CC2=C(C)C=CC=C2)C=C1,82,1-ethynyl-4-methylbenzene,https://doi.org/10.1016/j.jcat.2019.03.057,optimization,3.0,1.0,0.1,0.2,4.0,,table.17,Research_Article,suzuki,N16
295,OB(O)C1=CC=CC(Cl)=C1,BrC#CC1=CC=CC=C1,O1CCCC1,48h,80,CC[Zn]CC,[O-]P([O-])([O-])=O.[K+].[K+].[K+],,,CNCCNC,,ClC1=CC=CC(C#CC2=CC=CC=C2)=C1,89,phenylacetylene,https://doi.org/10.1016/j.jcat.2019.03.058,optimization,3.0,1.0,0.1,0.2,4.0,,table.18,Research_Article,suzuki,N17
296,OB(O)C1=CC=CN=C1,CC1=CC=C(C#CBr)C=C1,O1CCCC1,48h,80,CC[Zn]CC,[O-]P([O-])([O-])=O.[K+].[K+].[K+],,,CNCCNC,,CC1=CC=C(C#CC2=CN=CC=C2)C=C1,0,1-ethynyl-4-methylbenzene,https://doi.org/10.1016/j.jcat.2019.03.059,optimization,3.0,1.0,0.1,0.2,4.0,,table.19,Research_Article,suzuki,N18
297,CC(C)C(B(O)O)\C=C/CC,CC1=CC=C(C#CBr)C=C1,O1CCCC1,48h,80,CC[Zn]CC,[O-]P([O-])([O-])=O.[K+].[K+].[K+],,,CNCCNC,,CC1=CC=C(C#CC(C(C)C)/C=C\CC)C=C1,0,1-ethynyl-4-methylbenzene,https://doi.org/10.1016/j.jcat.2019.03.060,optimization,3.0,1.0,0.1,0.2,4.0,,table.20,Research_Article,suzuki,N19
298,OC1=CC=CC=C1,IC1=CC=C([N+]([O-])=O)C=C1,CC#N,36h,130,O=C(O[Co]OC(C)=O)C .[O].[O].[O].[O],[O-]P([O-])([O-])=O.[K+].[K+].[K+],,,CNCCNC,,O=[N+](C(C=C1)=CC=C1OC2=CC=CC=C2)[O-],20,Nitrobenzene,https://doi.org/10.1007/s00706-018-2324-6,optimization,1.2,1.0,0.1,0.2,2.0,,Scheme 2,article,ullmann,N2
299,OC1=CC=CC=C1,IC1=CC=C([N+]([O-])=O)C=C1,CC#N,48h,110,O=C(O[Co]OC(C)=O)C .[O].[O].[O].[O],[OH-].[K+],,,CNCCNC,,O=[N+](C(C=C1)=CC=C1OC2=CC=CC=C2)[O-],42,Nitrobenzene,https://doi.org/10.1007/s00706-018-2324-6,optimization,1.2,1.0,0.1,0.2,2.0,,Scheme 2,article,ullmann,N2
300,OC1=CC=CC=C1,IC1=CC=C([N+]([O-])=O)C=C1,CC#N,48h,110,O=C(O[Co]OC(C)=O)C .[O].[O].[O].[O],[OH-].[K+],,,O=C(C1=NC=CC=C1)O,,O=[N+](C(C=C1)=CC=C1OC2=CC=CC=C2)[O-],76,Nitrobenzene,https://doi.org/10.1007/s00706-018-2324-6,optimization,1.2,1.0,0.1,0.2,2.0,,Table 1,article,ullmann,N2
301,OC1=CC=CC=C1,IC1=CC=C([N+]([O-])=O)C=C1,CC#N,48h,110,O=C(O[Co]OC(C)=O)C .[O].[O].[O].[O],[OH-].[K+],,,C1(P(C3=CC=CC=C3)C2=CC=CC=C2)=CC=CC=C1,,O=[N+](C(C=C1)=CC=C1OC2=CC=CC=C2)[O-],49,Nitrobenzene,https://doi.org/10.1007/s00706-018-2324-6,optimization,1.2,1.0,0.1,0.2,2.0,,Table 1,article,ullmann,N2
302,OC1=CC=CC=C1,IC1=CC=C([N+]([O-])=O)C=C1,CC#N,48h,110,O=C(O[Co]OC(C)=O)C .[O].[O].[O].[O],[OH-].[K+],,,C1(C(N=CC=C3)=C3C=C2)=C2C=CC=C1,,O=[N+](C(C=C1)=CC=C1OC2=CC=CC=C2)[O-],38,Nitrobenzene,https://doi.org/10.1007/s00706-018-2324-6,optimization,1.2,1.0,0.1,0.2,2.0,,Table 1,article,ullmann,N2
303,OC1=CC=CC=C1,IC1=CC=C([N+]([O-])=O)C=C1,CC#N,48h,110,O=C(O[Co]OC(C)=O)C .[O].[O].[O].[O],[OH-].[K+],,,OC(C1CCCN1)=O,,O=[N+](C(C=C1)=CC=C1OC2=CC=CC=C2)[O-],50,Nitrobenzene,https://doi.org/10.1007/s00706-018-2324-6,optimization,1.2,1.0,0.1,0.2,2.0,,Table 1,article,ullmann,N2
304,OC1=CC=CC=C1,IC1=CC=C([N+]([O-])=O)C=C1,CC#N,48h,110,O=C(O[Co]OC(C)=O)C .[O].[O].[O].[O],[OH-].[K+],,,CC(C(O)=O)N,,O=[N+](C(C=C1)=CC=C1OC2=CC=CC=C2)[O-],47,Nitrobenzene,https://doi.org/10.1007/s00706-018-2324-6,optimization,1.2,1.0,0.1,0.2,2.0,,Table 1,article,ullmann,N2
305,OC1=CC=CC=C1,IC1=CC=C([N+]([O-])=O)C=C1,CC#N,48h,110,O=C(O[Co]OC(C)=O)C .[O].[O].[O].[O],[OH-].[K+],,,NC(C(O)=O)C(C)C,,O=[N+](C(C=C1)=CC=C1OC2=CC=CC=C2)[O-],75,Nitrobenzene,https://doi.org/10.1007/s00706-018-2324-6,optimization,1.2,1.0,0.1,0.2,2.0,,Table 1,article,ullmann,N2
306,OC1=CC=CC=C1,IC1=CC=C([N+]([O-])=O)C=C1,CC#N,48h,110,O=C(O[Co]OC(C)=O)C .[O].[O].[O].[O],[OH-].[K+],,,NC(C(O)=O)CC(C)C,,O=[N+](C(C=C1)=CC=C1OC2=CC=CC=C2)[O-],68,Nitrobenzene,https://doi.org/10.1007/s00706-018-2324-6,optimization,1.2,1.0,0.1,0.2,2.0,,Table 1,article,ullmann,N2
307,OC1=CC=CC=C1,IC1=CC=C([N+]([O-])=O)C=C1,CC#N,48h,110,O=C(O[Co]OC(C)=O)C .[O].[O].[O].[O],[OH-].[K+],,,NC(C(O)=O)CC(C)C,,O=[N+](C(C=C1)=CC=C1OC2=CC=CC=C2)[O-],53,Nitrobenzene,https://doi.org/10.1007/s00706-018-2324-6,optimization,1.2,1.0,0.1,0.15,2.0,,Table 1,article,ullmann,N2
308,OC1=CC=CC=C1,IC1=CC=C([N+]([O-])=O)C=C1,CC#N,48h,110,O=C(O[Co]OC(C)=O)C .[O].[O].[O].[O],[OH-].[K+],,,NC(C(O)=O)C(CC)C,,O=[N+](C(C=C1)=CC=C1OC2=CC=CC=C2)[O-],52,Nitrobenzene,https://doi.org/10.1007/s00706-018-2324-6,optimization,1.2,1.0,0.1,0.2,2.0,,Table 1,article,ullmann,N2
309,OC1=CC=CC=C1,IC1=CC=C([N+]([O-])=O)C=C1,CC#N,48h,110,O=C(O[Co]OC(C)=O)C .[O].[O].[O].[O],[OH-].[K+],,,O[C@H]1[C@H](O)CCCC1,,O=[N+](C(C=C1)=CC=C1OC2=CC=CC=C2)[O-],53,Nitrobenzene,https://doi.org/10.1007/s00706-018-2324-6,optimization,1.2,1.0,0.1,0.2,2.0,,Table 1,article,ullmann,N2
310,OC1=CC=CC=C1,IC1=CC=C([N+]([O-])=O)C=C1,CC#N,48h,110,O=C(O[Co]OC(C)=O)C .[O].[O].[O].[O],[OH-].[K+],,,NC(C(O)=O)C(C)C,,O=[N+](C(C=C1)=CC=C1OC2=CC=CC=C2)[O-],50,Nitrobenzene,https://doi.org/10.1007/s00706-018-2324-6,optimization,1.2,1.0,0.15,0.3,2.0,,Table 2,article,ullmann,N2
311,OC1=CC=CC=C1,IC1=CC=C([N+]([O-])=O)C=C1,CCO,48h,110,O=C(O[Co]OC(C)=O)C .[O].[O].[O].[O],[OH-].[K+],,,NC(C(O)=O)C(C)C,,O=[N+](C(C=C1)=CC=C1OC2=CC=CC=C2)[O-],23,Nitrobenzene,https://doi.org/10.1007/s00706-018-2324-6,optimization,1.2,1.0,0.1,0.2,2.0,,Table 2,article,ullmann,N2
312,OC1=CC=CC=C1,IC1=CC=C([N+]([O-])=O)C=C1,CC1=CC=CC=C1,48h,110,O=C(O[Co]OC(C)=O)C .[O].[O].[O].[O],[OH-].[K+],,,NC(C(O)=O)C(C)C,,O=[N+](C(C=C1)=CC=C1OC2=CC=CC=C2)[O-],0,Nitrobenzene,https://doi.org/10.1007/s00706-018-2324-6,optimization,1.2,1.0,0.1,0.2,2.0,,Table 2,article,ullmann,N2
313,OC1=CC=CC=C1,IC1=CC=C([N+]([O-])=O)C=C1,CCO,48h,110,O=C(O[Co]OC(C)=O)C .[O].[O].[O].[O],[OH-].[K+],,,NC(C(O)=O)C(C)C,,O=[N+](C(C=C1)=CC=C1OC2=CC=CC=C2)[O-],1,Nitrobenzene,https://doi.org/10.1007/s00706-018-2324-6,optimization,1.2,1.0,0.1,0.2,2.0,,Table 2 ,article,ullmann,N2
314,OC1=CC=CC=C1,IC1=CC=C([N+]([O-])=O)C=C1,CC#N,48h,110,O=C(O[Co]OC(C)=O)C .[O].[O].[O].[O],[O-]P([O-])([O-])=O.[K+].[K+].[K+],,,NC(C(O)=O)C(C)C,,O=[N+](C(C=C1)=CC=C1OC2=CC=CC=C2)[O-],39,Nitrobenzene,https://doi.org/10.1007/s00706-018-2324-6,optimization,1.2,1.0,0.1,0.2,2.0,,Table 2,article,ullmann,N2
315,OC1=CC=CC=C1,IC1=CC=C([N+]([O-])=O)C=C1,CC#N,48h,110,O=C(O[Co]OC(C)=O)C .[O].[O].[O].[O],C(=O)([O-])[O-].[Na+].[Na+].[O],,,NC(C(O)=O)C(C)C,,O=[N+](C(C=C1)=CC=C1OC2=CC=CC=C2)[O-],1,Nitrobenzene,https://doi.org/10.1007/s00706-018-2324-6,optimization,1.2,1.0,0.1,0.2,2.0,,Table 2,article,ullmann,N2
316,OC1=CC=CC=C1,IC1=CC=C([N+]([O-])=O)C=C1,CC#N,48h,110,O=C(O[Co]OC(C)=O)C .[O].[O].[O].[O],C(=O)([O-])[O-].[Na+].[Na+],,,NC(C(O)=O)C(C)C,,O=[N+](C(C=C1)=CC=C1OC2=CC=CC=C2)[O-],1,Nitrobenzene,https://doi.org/10.1007/s00706-018-2324-6,optimization,1.2,1.0,0.1,0.2,2.0,,Table 2,article,ullmann,N2
317,OC1=CC=CC=C1,IC1=CC=C([N+]([O-])=O)C=C1,CC#N,48h,110,O=C(O[Co]OC(C)=O)C .[O].[O].[O].[O],[OH-].[Na+]  ,,,NC(C(O)=O)C(C)C,,O=[N+](C(C=C1)=CC=C1OC2=CC=CC=C2)[O-],46,Nitrobenzene,https://doi.org/10.1007/s00706-018-2324-6,optimization,1.2,1.0,0.1,0.2,2.0,,Table 2,article,ullmann,N2
318,OC1=CC=CC=C1,IC1=CC=C([N+]([O-])=O)C=C1,CC#N,48h,110,O=C(O[Co]OC(C)=O)C .[O].[O].[O].[O],C(=O)(O)[O-].[Na+]  ,,,NC(C(O)=O)C(C)C,,O=[N+](C(C=C1)=CC=C1OC2=CC=CC=C2)[O-],1,Nitrobenzene,https://doi.org/10.1007/s00706-018-2324-6,optimization,1.2,1.0,0.1,0.2,2.0,,Table 2,article,ullmann,N2
319,OC1=CC=CC=C1,IC1=CC=C([N+]([O-])=O)C=C1,CC#N,48h,110,O=C(O[Co]OC(C)=O)C .[O].[O].[O].[O],CC(C)(C)[O-].[K+] ,,,NC(C(O)=O)C(C)C,,O=[N+](C(C=C1)=CC=C1OC2=CC=CC=C2)[O-],63,Nitrobenzene,https://doi.org/10.1007/s00706-018-2324-6,optimization,1.2,1.0,0.1,0.2,2.0,,Table 2,article,ullmann,N2
320,OC1=CC=CC=C1,IC1=CC=C([N+]([O-])=O)C=C1,CC#N,48h,110,O=C(O[Co]OC(C)=O)C .[O].[O].[O].[O],CC(C)(C)[O-].[Na+]  ,,,NC(C(O)=O)C(C)C,,O=[N+](C(C=C1)=CC=C1OC2=CC=CC=C2)[O-],58,Nitrobenzene,https://doi.org/10.1007/s00706-018-2324-6,optimization,1.2,1.0,0.1,0.2,2.0,,Table 2,article,ullmann,N2
321,OC1=CC=CC=C1,IC1=CC=C([N+]([O-])=O)C=C1,CC#N,48h,110,O=C(O[Co]OC(C)=O)C .[O].[O].[O].[O],O=C([O-])[O-].[Cs+].[Cs+],,,NC(C(O)=O)C(C)C,,O=[N+](C(C=C1)=CC=C1OC2=CC=CC=C2)[O-],80,Nitrobenzene,https://doi.org/10.1007/s00706-018-2324-6,optimization,1.2,1.0,0.1,0.2,2.0,,Table 2,article,ullmann,N2
322,OC1=CC=CC=C1,IC1=CC=C([N+]([O-])=O)C=C1,CC#N,48h,110,O=C(O[Co]OC(C)=O)C .[O].[O].[O].[O],O=C([O-])[O-].[Cs+].[Cs+],,,NC(C(O)=O)C(C)C,,O=[N+](C(C=C1)=CC=C1OC2=CC=CC=C2)[O-],67,Nitrobenzene,https://doi.org/10.1007/s00706-018-2324-6,optimization,1.2,1.0,0.05,0.1,2.0,,Table 3,article,ullmann,N2
323,OC1=CC=CC=C1,IC1=CC=C([N+]([O-])=O)C=C1,CC#N,24h,110,O=C(O[Co]OC(C)=O)C .[O].[O].[O].[O],O=C([O-])[O-].[Cs+].[Cs+],,,NC(C(O)=O)C(C)C,,O=[N+](C(C=C1)=CC=C1OC2=CC=CC=C2)[O-],78,Nitrobenzene,https://doi.org/10.1007/s00706-018-2324-6,optimization,1.2,1.0,0.1,0.2,2.0,,Table 3,article,ullmann,N2
324,OC1=CC=CC=C1,IC1=CC=C([N+]([O-])=O)C=C1,CC#N,48h,110,O=C(O[Co]OC(C)=O)C .[O].[O].[O].[O],O=C([O-])[O-].[Cs+].[Cs+],,,NC(C(O)=O)C(C)C,,O=[N+](C(C=C1)=CC=C1OC2=CC=CC=C2)[O-],80,Nitrobenzene,https://doi.org/10.1007/s00706-018-2324-6,optimization,1.2,1.0,0.1,0.2,2.0,,Table 3,article,ullmann,N2
325,OC1=CC=CC=C1,IC1=CC=C([N+]([O-])=O)C=C1,CC#N,24h,110,O=C(O[Co]OC(C)=O)C .[O].[O].[O].[O],O=C([O-])[O-].[Cs+].[Cs+],,,NC(C(O)=O)C(C)C,,O=[N+](C(C=C1)=CC=C1OC2=CC=CC=C2)[O-],95,Nitrobenzene,https://doi.org/10.1007/s00706-018-2324-6,optimization,1.2,1.0,0.15,0.3,2.0,,Table 3,article,ullmann,N2
326,OC1=CC=CC=C1,IC1=CC=C([N+]([O-])=O)C=C1,CC#N,24h,110,O=C(O[Co]OC(C)=O)C .[O].[O].[O].[O],O=C([O-])[O-].[Cs+].[Cs+],,,NC(C(O)=O)C(C)C,,O=[N+](C(C=C1)=CC=C1OC2=CC=CC=C2)[O-],96,Nitrobenzene,https://doi.org/10.1007/s00706-018-2324-6,optimization,1.2,1.0,0.15,0.3,2.0,,Table 3,article,ullmann,N2
327,OC1=CC=CC=C1,IC1=CC=C([N+]([O-])=O)C=C1,CC#N,24h,110,O=C(O[Co]OC(C)=O)C .[O].[O].[O].[O],O=C([O-])[O-].[Cs+].[Cs+],,,,,O=[N+](C(C=C1)=CC=C1OC2=CC=CC=C2)[O-],28,Nitrobenzene,https://doi.org/10.1007/s00706-018-2324-6,optimization,1.2,1.0,,,2.0,,Table 3,article,ullmann,N2
328,OC1=CC=CC=C1,IC1=CC=C([N+]([O-])=O)C=C1,CC#N,24h,110,O=C(O[Co]OC(C)=O)C .[O].[O].[O].[O],O=C([O-])[O-].[Cs+].[Cs+],,,NC(C(O)=O)C(C)C,,O=[N+](C(C=C1)=CC=C1OC2=CC=CC=C2)[O-],77,Nitrobenzene,https://doi.org/10.1007/s00706-018-2324-6,optimization,1.2,1.0,0.15,0.3,2.0,,Table 3,article,ullmann,N2
347,OC1=CC=CC=C1,IC1=CC=C(C(C)=O)C=C1,O,36h,130,Cl[Fe](Cl)Cl.O.O.O.O.O.O,O=C([O-])[O-].[Cs+].[Cs+],,,CNCCNC,,O=C(C)C1=CC=C(OC2=CC=CC=C2)C=C1,84,Acetophenone,https://doi.org/10.1016/j.jcat.2017.02.010,optimization,1.0,1.2,0.1,0.2,2.0,,Table 2,Research_Article,ullmann,
348,OC1=CC=CC=C1,IC1=CC=C(C(C)=O)C=C1,O,36h,130,Cl[Fe](Cl)Cl.O.O.O.O.O.O,O=C([O-])[O-].[K+].[K+],,,CNCCNC,,O=C(C)C1=CC=C(OC2=CC=CC=C2)C=C1,67,Acetophenone,https://doi.org/10.1016/j.jcat.2017.02.010,optimization,1.0,1.2,0.1,0.2,2.0,,Table 1,Research_Article,ullmann,
349,OC1=CC=CC=C1,IC1=CC=C(C(C)=O)C=C1,O,36h,130,Cl[Fe](Cl)Cl.O.O.O.O.O.O,O=C([O-])[O-].[K+].[K+],,,NCCN,,O=C(C)C1=CC=C(OC2=CC=CC=C2)C=C1,62,Acetophenone,https://doi.org/10.1016/j.jcat.2017.02.010,optimization,1.0,1.2,0.1,0.2,2.0,,Table 1,Research_Article,ullmann,
350,OC1=CC=CC=C1,IC1=CC=C(C(C)=O)C=C1,O,36h,130,Cl[Fe](Cl)Cl.O.O.O.O.O.O,O=C([O-])[O-].[K+].[K+],,,C12=CC=CN=C1C3=NC=CC=C3C=C2,,O=C(C)C1=CC=C(OC2=CC=CC=C2)C=C1,49,Acetophenone,https://doi.org/10.1016/j.jcat.2017.02.010,optimization,1.0,1.2,0.1,0.2,2.0,,Table 1,Research_Article,ullmann,
351,OC1=CC=CC=C1,IC1=CC=C(C(C)=O)C=C1,O,36h,130,Cl[Fe](Cl)Cl.O.O.O.O.O.O,O=C([O-])[O-].[K+].[K+],,,O=C([C@H]1NCCC1)O,,O=C(C)C1=CC=C(OC2=CC=CC=C2)C=C1,1,Acetophenone,https://doi.org/10.1016/j.jcat.2017.02.010,optimization,1.0,1.2,0.1,0.2,2.0,,Table 1,Research_Article,ullmann,
352,OC1=CC=CC=C1,IC1=CC=C(C(C)=O)C=C1,O,36h,130,Cl[Fe](Cl)Cl.O.O.O.O.O.O,O=C([O-])[O-].[K+].[K+],,,N[C@H]1[C@H](N)CCCC1,,O=C(C)C1=CC=C(OC2=CC=CC=C2)C=C1,45,Acetophenone,https://doi.org/10.1016/j.jcat.2017.02.010,optimization,1.0,1.2,0.1,0.2,2.0,,Table 1,Research_Article,ullmann,
353,OC1=CC=CC=C1,IC1=CC=C(C(C)=O)C=C1,O,36h,130,Cl[Fe](Cl)Cl.O.O.O.O.O.O,O=C([O-])[O-].[K+].[K+],,,C1(C2=NC=CC=C2)=CC=CC=N1,,O=C(C)C1=CC=C(OC2=CC=CC=C2)C=C1,1,Acetophenone,https://doi.org/10.1016/j.jcat.2017.02.010,optimization,1.0,1.2,0.1,0.2,2.0,,Table 1,Research_Article,ullmann,
354,OC1=CC=CC=C1,IC1=CC=C(C(C)=O)C=C1,O,36h,120,Cl[Fe](Cl)Cl.O.O.O.O.O.O,O=C([O-])[O-].[K+].[K+],,,CNCCNC,,O=C(C)C1=CC=C(OC2=CC=CC=C2)C=C1,33,Acetophenone,https://doi.org/10.1016/j.jcat.2017.02.010,optimization,1.0,1.2,0.1,0.2,2.0,,Table 1,Research_Article,ullmann,
355,OC1=CC=CC=C1,IC1=CC=C(C(C)=O)C=C1,O,36h,130,Cl[Fe](Cl)Cl.O.O.O.O.O.O,O=C([O-])[O-].[Cs+].[Cs+],,,NCCN,,O=C(C)C1=CC=C(OC2=CC=CC=C2)C=C1,65,Acetophenone,https://doi.org/10.1016/j.jcat.2017.02.010,optimization,1.0,1.2,0.1,0.2,2.0,,Table 1,Research_Article,ullmann,
356,OC1=CC=CC=C1,IC1=CC=C(C(C)=O)C=C1,O,36h,130,Cl[Fe](Cl)Cl.O.O.O.O.O.O,[O-]P([O-])([O-])=O.[K+].[K+].[K+],,,CNCCNC,,O=C(C)C1=CC=C(OC2=CC=CC=C2)C=C1,45,Acetophenone,https://doi.org/10.1016/j.jcat.2017.02.010,optimization,1.0,1.2,0.1,0.2,2.0,,Table 2,Research_Article,ullmann,
357,OC1=CC=CC=C1,IC1=CC=C(C(C)=O)C=C1,O,36h,130,Cl[Fe](Cl)Cl.O.O.O.O.O.O,[OH-].[Na+],,,CNCCNC,,O=C(C)C1=CC=C(OC2=CC=CC=C2)C=C1,49,Acetophenone,https://doi.org/10.1016/j.jcat.2017.02.010,optimization,1.0,1.2,0.1,0.2,2.0,,Table 2,Research_Article,ullmann,
358,OC1=CC=CC=C1,IC1=CC=C(C(C)=O)C=C1,O,36h,130,Cl[Fe](Cl)Cl.O.O.O.O.O.O,[OH-].[K+],,,CNCCNC,,O=C(C)C1=CC=C(OC2=CC=CC=C2)C=C1,62,Acetophenone,https://doi.org/10.1016/j.jcat.2017.02.010,optimization,1.0,1.2,0.1,0.2,2.0,,Table 2,Research_Article,ullmann,
359,OC1=CC=CC=C1,IC1=CC=C(C(C)=O)C=C1,O,36h,130,Cl[Fe](Cl)Cl.O.O.O.O.O.O,CCN(CC)CC,,,CNCCNC,,O=C(C)C1=CC=C(OC2=CC=CC=C2)C=C1,0,Acetophenone,https://doi.org/10.1016/j.jcat.2017.02.010,optimization,1.0,1.2,0.1,0.2,2.0,,Table 2,Research_Article,ullmann,
360,OC1=CC=CC=C1,IC1=CC=C(C(C)=O)C=C1,O,36h,120,Cl[Fe](Cl)Cl.O.O.O.O.O.O,O=C([O-])[O-].[Cs+].[Cs+],,,CNCCNC,,O=C(C)C1=CC=C(OC2=CC=CC=C2)C=C1,36,Acetophenone,https://doi.org/10.1016/j.jcat.2017.02.010,optimization,1.0,1.2,0.1,0.2,2.0,,Table 2,Research_Article,ullmann,
361,OC1=CC=CC=C1,IC1=CC=C(C(C)=O)C=C1,O,36h,100,Cl[Fe](Cl)Cl.O.O.O.O.O.O,O=C([O-])[O-].[Cs+].[Cs+],,,CNCCNC,,O=C(C)C1=CC=C(OC2=CC=CC=C2)C=C1,1,Acetophenone,https://doi.org/10.1016/j.jcat.2017.02.010,optimization,1.0,1.2,0.1,0.2,2.0,,Table 2,Research_Article,ullmann,
362,OC1=CC=CC=C1,IC1=CC=C(C(C)=O)C=C1,O,24h,130,Cl[Fe](Cl)Cl.O.O.O.O.O.O,O=C([O-])[O-].[Cs+].[Cs+],,,CNCCNC,,O=C(C)C1=CC=C(OC2=CC=CC=C2)C=C1,65,Acetophenone,https://doi.org/10.1016/j.jcat.2017.02.010,optimization,1.0,1.2,0.1,0.2,2.0,,Table 2,Research_Article,ullmann,
363,OC1=CC=CC=C1,IC1=CC=C(C(C)=O)C=C1,O,36h,130,Cl[Fe](Cl)Cl.O.O.O.O.O.O,O=C([O-])[O-].[Cs+].[Cs+],,,CNCCNC,,O=C(C)C1=CC=C(OC2=CC=CC=C2)C=C1,41,Acetophenone,https://doi.org/10.1016/j.jcat.2017.02.010,optimization,1.0,1.2,0.05,0.1,2.0,,Table 2,Research_Article,ullmann,
364,OC1=CC=CC=C1,IC1=CC=C(C(C)=O)C=C1,O,36h,130,Cl[Fe](Cl)Cl.O.O.O.O.O.O,O=C([O-])[O-].[Cs+].[Cs+],,,CNCCNC,,O=C(C)C1=CC=C(OC2=CC=CC=C2)C=C1,82,Acetophenone,https://doi.org/10.1016/j.jcat.2017.02.010,optimization,1.0,1.2,0.15,0.3,2.0,,Table 2,Research_Article,ullmann,
365,OC1=CC=CC=C1,IC1=CC=C(C(C)=O)C=C1,O,36h,130,Cl[Fe](Cl)Cl.O.O.O.O.O.O,O=C([O-])[O-].[Cs+].[Cs+],,,CNCCNC,,O=C(C)C1=CC=C(OC2=CC=CC=C2)C=C1,48,Acetophenone,https://doi.org/10.1016/j.jcat.2017.02.010,optimization,1.0,1.2,0.1,0.1,2.0,,Table 2,Research_Article,ullmann,
366,OC1=CC=CC=C1,IC1=CC=C(C(C)=O)C=C1,O,36h,130,Cl[Fe](Cl)Cl.O.O.O.O.O.O,O=C([O-])[O-].[Cs+].[Cs+],,,CNCCNC,,O=C(C)C1=CC=C(OC2=CC=CC=C2)C=C1,83,Acetophenone,https://doi.org/10.1016/j.jcat.2017.02.010,optimization,1.0,1.2,0.1,0.2,3.0,,Table 2,Research_Article,ullmann,
367,OC1=CC=CC=C1 ,IC1=CC=C(C(C)=O)C=C1,O,36h,130,,O=C([O-])[O-].[Cs+].[Cs+],,,,,O=C(C)C1=CC=C(OC2=CC=CC=C2)C=C1,0,Acetophenone,https://doi.org/10.1016/j.jcat.2017.02.010,optimization,1.0,1.2,,,2.0,,Table 1,Research_Article,ullmann,
386,OC1=CC=CC=C1,IC1=CC=C(C=C1)[N+]([O-])=O,CC#N,24h,110,Cl[Mn]Cl.O.O.O.O,C(=O)([O-])[O-].[Cs+].[Cs+] ,,,,,O=[N+]([O-])C1=CC=C(C=C1)OC2=CC=CC=C2,99,Nitrobenzene,https://doi.org/10.1002/slct.201901031,optimization,1.0,1.5,0.05,,2.0,,Table 4,article,ullmann,N2
387,OC1=CC=CC=C1,IC1=CC=C(C=C1)[N+]([O-])=O,CC#N,48h,130,CC([O-])=O.CC([O-])=O.O.O.O.O.[Mn+2],[OH-].[K+]  ,,,O=C(C1NCCC1)O,,O=[N+]([O-])C1=CC=C(C=C1)OC2=CC=CC=C2,35,Nitrobenzene,https://doi.org/10.1002/slct.201901031,optimization,1.0,1.5,0.1,0.2,2.0,,Table 1,article,ullmann,N2
388,OC1=CC=CC=C1,IC1=CC=C(C=C1)[N+]([O-])=O,CC#N,48h,130,[O-]S(=O)([O-])=O.O.[Mn+2],[OH-].[K+]  ,,,O=C(C1NCCC1)O,,O=[N+]([O-])C1=CC=C(C=C1)OC2=CC=CC=C2,31,Nitrobenzene,https://doi.org/10.1002/slct.201901031,optimization,1.0,1.5,0.1,0.2,2.0,,Table 1,article,ullmann,N2
389,OC1=CC=CC=C1,IC1=CC=C(C=C1)[N+]([O-])=O,CC#N,48h,130,Cl[Mn]Cl.O.O.O.O,[OH-].[K+]  ,,,O=C(C1NCCC1)O,,O=[N+]([O-])C1=CC=C(C=C1)OC2=CC=CC=C2,45,Nitrobenzene,https://doi.org/10.1002/slct.201901031,optimization,1.0,1.5,0.1,0.2,2.0,,Table 1,article,ullmann,N2
390,OC1=CC=CC=C1,IC1=CC=C(C=C1)[N+]([O-])=O,CC#N,48h,130,O=[Mn]=O,[OH-].[K+]  ,,,O=C(C1NCCC1)O,,O=[N+]([O-])C1=CC=C(C=C1)OC2=CC=CC=C2,27,Nitrobenzene,https://doi.org/10.1002/slct.201901031,optimization,1.0,1.5,0.1,0.2,2.0,,Table 1,article,ullmann,N2
391,OC1=CC=CC=C1,IC1=CC=C(C=C1)[N+]([O-])=O,CC#N,24h,110,Cl[Mn]Cl.O.O.O.O,[OH-].[K+]  ,,,O=C(C1=NC=CC=C1)O,,O=[N+]([O-])C1=CC=C(C=C1)OC2=CC=CC=C2,72,Nitrobenzene,https://doi.org/10.1002/slct.201901031,optimization,1.0,1.5,0.1,0.2,2.0,,Scheme 2,article,ullmann,N2
392,OC1=CC=CC=C1,IC1=CC=C(C=C1)[N+]([O-])=O,CC#N,24h,110,Cl[Mn]Cl.O.O.O.O,[OH-].[K+]  ,,,O=C(C1NCCC1)O,,O=[N+]([O-])C1=CC=C(C=C1)OC2=CC=CC=C2,50,Nitrobenzene,https://doi.org/10.1002/slct.201901031,optimization,1.0,1.5,0.1,0.2,2.0,,Scheme 2,article,ullmann,N2
393,OC1=CC=CC=C1,IC1=CC=C(C=C1)[N+]([O-])=O,CC#N,24h,110,Cl[Mn]Cl.O.O.O.O,[OH-].[K+]  ,,,OC1=C(C2=C(C=CC=C3)C3=CC=C2O)C4=CC=CC=C4C=C1,,O=[N+]([O-])C1=CC=C(C=C1)OC2=CC=CC=C2,58,Nitrobenzene,https://doi.org/10.1002/slct.201901031,optimization,1.0,1.5,0.1,0.2,2.0,,Scheme 2,article,ullmann,N2
394,OC1=CC=CC=C1,IC1=CC=C(C=C1)[N+]([O-])=O,CC#N,24h,110,Cl[Mn]Cl.O.O.O.O,[OH-].[K+]  ,,,C12=CC=C3C(N=CC=C3)=C1N=CC=C2,,O=[N+]([O-])C1=CC=C(C=C1)OC2=CC=CC=C2,70,Nitrobenzene,https://doi.org/10.1002/slct.201901031,optimization,1.0,1.5,0.1,0.2,2.0,,Scheme 2,article,ullmann,N2
395,OC1=CC=CC=C1,IC1=CC=C(C=C1)[N+]([O-])=O,CC#N,24h,110,Cl[Mn]Cl.O.O.O.O,[OH-].[K+]  ,,,CC(C(N)C(O)=O)C,,O=[N+]([O-])C1=CC=C(C=C1)OC2=CC=CC=C2,74,Nitrobenzene,https://doi.org/10.1002/slct.201901031,optimization,1.0,1.5,0.1,0.2,2.0,,Scheme 2,article,ullmann,N2
396,OC1=CC=CC=C1,IC1=CC=C(C=C1)[N+]([O-])=O,CC#N,24h,110,Cl[Mn]Cl.O.O.O.O,[OH-].[K+]  ,,,N[C@@H]1[C@@H](N)CCCC1,,O=[N+]([O-])C1=CC=C(C=C1)OC2=CC=CC=C2,80,Nitrobenzene,https://doi.org/10.1002/slct.201901031,optimization,1.0,1.5,0.1,0.2,2.0,,Scheme 2,article,ullmann,N2
397,OC1=CC=CC=C1,IC1=CC=C(C=C1)[N+]([O-])=O,CC#N,24h,110,Cl[Mn]Cl.O.O.O.O,[OH-].[K+]  ,,,O[C@@H]1[C@@H](O)CCCC1,,O=[N+]([O-])C1=CC=C(C=C1)OC2=CC=CC=C2,82,Nitrobenzene,https://doi.org/10.1002/slct.201901031,optimization,1.0,1.5,0.1,0.2,2.0,,Scheme 2,article,ullmann,N2
398,OC1=CC=CC=C1,IC1=CC=C(C=C1)[N+]([O-])=O,CC#N,24h,110,Cl[Mn]Cl.O.O.O.O,[OH-].[K+]  ,,,CNCCNC,,O=[N+]([O-])C1=CC=C(C=C1)OC2=CC=CC=C2,88,Nitrobenzene,https://doi.org/10.1002/slct.201901031,optimization,1.0,1.5,0.1,0.2,2.0,,Scheme 2,article,ullmann,N2
399,OC1=CC=CC=C1,IC1=CC=C(C=C1)[N+]([O-])=O,CC#N,24h,110,Cl[Mn]Cl.O.O.O.O,[OH-].[K+]  ,,,C1(P(C2=CC=CC=C2)C3=CC=CC=C3)=CC=CC=C1,,O=[N+]([O-])C1=CC=C(C=C1)OC2=CC=CC=C2,53,Nitrobenzene,https://doi.org/10.1002/slct.201901031,optimization,1.0,1.5,0.1,0.2,2.0,,Scheme 2,article,ullmann,N2
400,OC1=CC=CC=C1,IC1=CC=C(C=C1)[N+]([O-])=O,CC#N,24h,110,Cl[Mn]Cl.O.O.O.O,[OH-].[K+]  ,,,,,O=[N+]([O-])C1=CC=C(C=C1)OC2=CC=CC=C2,72,Nitrobenzene,https://doi.org/10.1002/slct.201901031,optimization,1.0,1.5,0.1,,2.0,,Scheme 2,article,ullmann,N2
401,OC1=CC=CC=C1,IC1=CC=C(C=C1)[N+]([O-])=O,CC#N,24h,110,Cl[Mn]Cl.O.O.O.O,[OH-].[Na+],,,,,O=[N+]([O-])C1=CC=C(C=C1)OC2=CC=CC=C2,76,Nitrobenzene,https://doi.org/10.1002/slct.201901031,optimization,1.0,1.5,0.1,,2.0,,Table 2,article,ullmann,N2
402,OC1=CC=CC=C1,IC1=CC=C(C=C1)[N+]([O-])=O,CC#N,24h,110,Cl[Mn]Cl.O.O.O.O,[O-]P(=O)([O-])[O-].[K+].[K+].[K+] ,,,,,O=[N+]([O-])C1=CC=C(C=C1)OC2=CC=CC=C2,96,Nitrobenzene,https://doi.org/10.1002/slct.201901031,optimization,1.0,1.5,0.1,,2.0,,Table 2,article,ullmann,N2
403,OC1=CC=CC=C1,IC1=CC=C(C=C1)[N+]([O-])=O,CC#N,24h,110,Cl[Mn]Cl.O.O.O.O,C(=O)([O-])[O-].[K+].[K+] ,,,,,O=[N+]([O-])C1=CC=C(C=C1)OC2=CC=CC=C2,1,Nitrobenzene,https://doi.org/10.1002/slct.201901031,optimization,1.0,1.5,0.1,,2.0,,Table 2,article,ullmann,N2
404,OC1=CC=CC=C1,IC1=CC=C(C=C1)[N+]([O-])=O,CC#N,24h,110,Cl[Mn]Cl.O.O.O.O, C(=O)(O)[O-].[Na+] ,,,,,O=[N+]([O-])C1=CC=C(C=C1)OC2=CC=CC=C2,0,Nitrobenzene,https://doi.org/10.1002/slct.201901031,optimization,1.0,1.5,0.1,,2.0,,Table 2,article,ullmann,N2
405,OC1=CC=CC=C1,IC1=CC=C(C=C1)[N+]([O-])=O,CC#N,24h,110,Cl[Mn]Cl.O.O.O.O,CCN(CC)CC,,,,,O=[N+]([O-])C1=CC=C(C=C1)OC2=CC=CC=C2,0,Nitrobenzene,https://doi.org/10.1002/slct.201901031,optimization,1.0,1.5,0.1,,2.0,,Table 2,article,ullmann,N2
406,OC1=CC=CC=C1,IC1=CC=C(C=C1)[N+]([O-])=O,CC#N,24h,110,Cl[Mn]Cl.O.O.O.O,C1CN2CCN1CC2 ,,,,,O=[N+]([O-])C1=CC=C(C=C1)OC2=CC=CC=C2,1,Nitrobenzene,https://doi.org/10.1002/slct.201901031,optimization,1.0,1.5,0.1,,2.0,,Table 2,article,ullmann,N2
407,OC1=CC=CC=C1,IC1=CC=C(C=C1)[N+]([O-])=O,CC#N,24h,110,Cl[Mn]Cl.O.O.O.O,[2H-].[Na+],,,,,O=[N+]([O-])C1=CC=C(C=C1)OC2=CC=CC=C2,77,Nitrobenzene,https://doi.org/10.1002/slct.201901031,optimization,1.0,1.5,0.1,,2.0,,Table 2,article,ullmann,N2
408,OC1=CC=CC=C1,IC1=CC=C(C=C1)[N+]([O-])=O,CC#N,24h,110,Cl[Mn]Cl.O.O.O.O,CC(C)(C)[O-].[K+],,,,,O=[N+]([O-])C1=CC=C(C=C1)OC2=CC=CC=C2,98,Nitrobenzene,https://doi.org/10.1002/slct.201901031,optimization,1.0,1.5,0.1,,2.0,,Table 2,article,ullmann,N2
409,OC1=CC=CC=C1,IC1=CC=C(C=C1)[N+]([O-])=O,CC#N,24h,110,Cl[Mn]Cl.O.O.O.O,CC(C)(C)[O-].[Na+],,,,,O=[N+]([O-])C1=CC=C(C=C1)OC2=CC=CC=C2,95,Nitrobenzene,https://doi.org/10.1002/slct.201901031,optimization,1.0,1.5,0.1,,2.0,,Table 2,article,ullmann,N2
410,OC1=CC=CC=C1,IC1=CC=C(C=C1)[N+]([O-])=O,CC1=CC=CC=C1,24h,110,Cl[Mn]Cl.O.O.O.O,C(=O)([O-])[O-].[Cs+].[Cs+] ,,,,,O=[N+]([O-])C1=CC=C(C=C1)OC2=CC=CC=C2,0,Nitrobenzene,https://doi.org/10.1002/slct.201901031,optimization,1.0,1.5,0.1,,2.0,,Table 2,article,ullmann,N2
411,OC1=CC=CC=C1,IC1=CC=C(C=C1)[N+]([O-])=O,ClCCCl,24h,110,Cl[Mn]Cl.O.O.O.O,C(=O)([O-])[O-].[Cs+].[Cs+] ,,,,,O=[N+]([O-])C1=CC=C(C=C1)OC2=CC=CC=C2,1,Nitrobenzene,https://doi.org/10.1002/slct.201901031,optimization,1.0,1.5,0.1,,2.0,,Table 2,article,ullmann,N2
412,OC1=CC=CC=C1,IC1=CC=C(C=C1)[N+]([O-])=O,O1CCCC1,24h,110,Cl[Mn]Cl.O.O.O.O,C(=O)([O-])[O-].[Cs+].[Cs+] ,,,,,O=[N+]([O-])C1=CC=C(C=C1)OC2=CC=CC=C2,42,Nitrobenzene,https://doi.org/10.1002/slct.201901031,optimization,1.0,1.5,0.1,,2.0,,Table 2,article,ullmann,N2
413,OC1=CC=CC=C1,IC1=CC=C(C=C1)[N+]([O-])=O,CO,24h,110,Cl[Mn]Cl.O.O.O.O,C(=O)([O-])[O-].[Cs+].[Cs+] ,,,,,O=[N+]([O-])C1=CC=C(C=C1)OC2=CC=CC=C2,40,Nitrobenzene,https://doi.org/10.1002/slct.201901031,optimization,1.0,1.5,0.1,,2.0,,Table 2,article,ullmann,N2
414,OC1=CC=CC=C1,IC1=CC=C(C=C1)[N+]([O-])=O,CCO,24h,110,Cl[Mn]Cl.O.O.O.O,C(=O)([O-])[O-].[Cs+].[Cs+] ,,,,,O=[N+]([O-])C1=CC=C(C=C1)OC2=CC=CC=C2,23,Nitrobenzene,https://doi.org/10.1002/slct.201901031,optimization,1.0,1.5,0.1,,2.0,,Table 2,article,ullmann,N2
415,OC1=CC=CC=C1,IC1=CC=C(C=C1)[N+]([O-])=O,O,24h,110,Cl[Mn]Cl.O.O.O.O,C(=O)([O-])[O-].[Cs+].[Cs+] ,,,,,O=[N+]([O-])C1=CC=C(C=C1)OC2=CC=CC=C2,1,Nitrobenzene,https://doi.org/10.1002/slct.201901031,optimization,1.0,1.5,0.1,,2.0,,Table 2,article,ullmann,N2
416,OC1=CC=CC=C1,IC1=CC=C(C=C1)[N+]([O-])=O,CC#N,24h,110,,C(=O)([O-])[O-].[Cs+].[Cs+] ,,,,,O=[N+]([O-])C1=CC=C(C=C1)OC2=CC=CC=C2,29,Nitrobenzene,https://doi.org/10.1002/slct.201901031,optimization,1.0,1.5,,,2.0,,Table 3,article,ullmann,N2
417,OC1=CC=CC=C1,IC1=CC=C(C=C1)[N+]([O-])=O,CC#N,24h,110,Cl[Mn]Cl.O.O.O.O,,,,,,O=[N+]([O-])C1=CC=C(C=C1)OC2=CC=CC=C2,1,Nitrobenzene,https://doi.org/10.1002/slct.201901031,optimization,1.0,1.5,0.1,,,,Table 3,article,ullmann,N2
418,OC1=CC=CC=C1,IC1=CC=C(C=C1)[N+]([O-])=O,CC#N,24h,80,Cl[Mn]Cl.O.O.O.O,C(=O)([O-])[O-].[Cs+].[Cs+] ,,,,,O=[N+]([O-])C1=CC=C(C=C1)OC2=CC=CC=C2,17,Nitrobenzene,https://doi.org/10.1002/slct.201901031,optimization,1.0,1.5,0.1,,2.0,,Table 3,article,ullmann,N2
419,OC1=CC=CC=C1,IC1=CC=C(C=C1)[N+]([O-])=O,CC#N,24h,110,Cl[Mn]Cl.O.O.O.O,C(=O)([O-])[O-].[Cs+].[Cs+] ,,,,,O=[N+]([O-])C1=CC=C(C=C1)OC2=CC=CC=C2,36,Nitrobenzene,https://doi.org/10.1002/slct.201901031,optimization,1.0,1.5,0.1,,2.0,,Table 3,article,ullmann,O2
420,OC1=CC=CC=C1,IC1=CC=C(C=C1)[N+]([O-])=O,CC#N,24h,11,Cl[Mn]Cl.O.O.O.O,C(=O)([O-])[O-].[Cs+].[Cs+] ,,,,,O=[N+]([O-])C1=CC=C(C=C1)OC2=CC=CC=C2,92,Nitrobenzene,https://doi.org/10.1002/slct.201901031,optimization,1.0,1.5,0.05,,2.0,,Table 3,article,ullmann,N2
432,OC1=CC=CC=C1,IC1=CC=C(C(C)=O)C=C1,CC#N,65h,145,CC[Zn]CC,O=C([O-])[O-].[Cs+].[Cs+],,,O=C(O)[C@H]1CCCN1,,O=C(C(C=C1)=CC=C1OC2=CC=CC=C2)C,70,Acetophenone,https://doi.org/10.1002/slct.201800541,optimization,2.0,1.0,0.2,0.4,2.0,,Table 1,article,ullmann,N2
433,OC1=CC=CC=C1,IC1=CC=C(C(C)=O)C=C1,CC#N,65h,145,Zn(OAc)2,O=C([O-])[O-].[Cs+].[Cs+],,,O=C(O)[C@H]1CCCN1,,O=C(C(C=C1)=CC=C1OC2=CC=CC=C2)C,0,Acetophenone,https://doi.org/10.1002/slct.201800541,optimization,2.0,1.0,0.2,0.4,2.0,,Table 1,article,ullmann,N2
434,OC1=CC=CC=C1,IC1=CC=C(C(C)=O)C=C1,CC#N,65h,145,ZnCl2,O=C([O-])[O-].[Cs+].[Cs+],,,O=C(O)[C@H]1CCCN1,,O=C(C(C=C1)=CC=C1OC2=CC=CC=C2)C,0,Acetophenone,https://doi.org/10.1002/slct.201800541,optimization,2.0,1.0,0.2,0.4,2.0,,Table 1,article,ullmann,N2
435,OC1=CC=CC=C1,IC1=CC=C(C(C)=O)C=C1,CC#N,65h,145,CC[Zn]CC,O=C([O-])[O-].[Cs+].[Cs+],,,OCCO,,O=C(C(C=C1)=CC=C1OC2=CC=CC=C2)C,41,Acetophenone,https://doi.org/10.1002/slct.201800541,optimization,2.0,1.0,0.2,0.4,2.0,,Scheme 2,article,ullmann,N2
436,OC1=CC=CC=C1,IC1=CC=C(C(C)=O)C=C1,CC#N,65h,145,CC[Zn]CC,O=C([O-])[O-].[Cs+].[Cs+],,,OC1=[C@@]([C@@]2=C(O)C=CC3=C2C=CC=C3)C4=CC=CC=C4C=C1,,O=C(C(C=C1)=CC=C1OC2=CC=CC=C2)C,39,Acetophenone,https://doi.org/10.1002/slct.201800541,optimization,2.0,1.0,0.2,0.4,2.0,,Scheme 2,article,ullmann,N2
437,OC1=CC=CC=C1,IC1=CC=C(C(C)=O)C=C1,CC#N,65h,145,CC[Zn]CC,O=C([O-])[O-].[Cs+].[Cs+],,,N1(CC2)CCN2CC1,,O=C(C(C=C1)=CC=C1OC2=CC=CC=C2)C,52,Acetophenone,https://doi.org/10.1002/slct.201800541,optimization,2.0,1.0,0.2,0.4,2.0,,Scheme 2,article,ullmann,N2
438,OC1=CC=CC=C1,IC1=CC=C(C(C)=O)C=C1,CC#N,65h,145,CC[Zn]CC,O=C([O-])[O-].[Cs+].[Cs+],,,O[C@H]1[C@H](O)CCCC1,,O=C(C(C=C1)=CC=C1OC2=CC=CC=C2)C,48,Acetophenone,https://doi.org/10.1002/slct.201800541,optimization,2.0,1.0,0.2,0.4,2.0,,Scheme 2,article,ullmann,N2
439,OC1=CC=CC=C1,IC1=CC=C(C(C)=O)C=C1,CC#N,65h,145,CC[Zn]CC,O=C([O-])[O-].[Cs+].[Cs+],,,N[C@H]1[C@H](N)CCCC1,,O=C(C(C=C1)=CC=C1OC2=CC=CC=C2)C,23,Acetophenone,https://doi.org/10.1002/slct.201800541,optimization,2.0,1.0,0.2,0.4,2.0,,Scheme 2,article,ullmann,N2
440,OC1=CC=CC=C1,IC1=CC=C(C(C)=O)C=C1,CC#N,65h,145,CC[Zn]CC,O=C([O-])[O-].[Cs+].[Cs+],,,CNCCNC,,O=C(C(C=C1)=CC=C1OC2=CC=CC=C2)C,31,Acetophenone,https://doi.org/10.1002/slct.201800541,optimization,2.0,1.0,0.2,0.4,2.0,,Scheme 2,article,ullmann,N2
441,OC1=CC=CC=C1,IC1=CC=C(C(C)=O)C=C1,CC#N,65h,145,CC[Zn]CC,O=C([O-])[O-].[Cs+].[Cs+],,,CC(/C(C)=N/O)=N\O,,O=C(C(C=C1)=CC=C1OC2=CC=CC=C2)C,34,Acetophenone,https://doi.org/10.1002/slct.201800541,optimization,2.0,1.0,0.2,0.4,2.0,,Scheme 2,article,ullmann,N2
442,OC1=CC=CC=C1,IC1=CC=C(C(C)=O)C=C1,CC#N,65h,145,CC[Zn]CC,O=C([O-])[O-].[Cs+].[Cs+],,,CC([C@H](N)C(O)=O)C,,O=C(C(C=C1)=CC=C1OC2=CC=CC=C2)C,38,Acetophenone,https://doi.org/10.1002/slct.201800541,optimization,2.0,1.0,0.2,0.4,2.0,,Scheme 2,article,ullmann,N2
443,OC1=CC=CC=C1,IC1=CC=C(C(C)=O)C=C1,CC#N,65h,145,CC[Zn]CC,O=C([O-])[O-].[Cs+].[Cs+],,,CC(C[C@H](N)C(O)=O)C,,O=C(C(C=C1)=CC=C1OC2=CC=CC=C2)C,20,Acetophenone,https://doi.org/10.1002/slct.201800541,optimization,2.0,1.0,0.2,0.4,2.0,,Scheme 2,article,ullmann,N2
444,OC1=CC=CC=C1,IC1=CC=C(C(C)=O)C=C1,CC#N,65h,145,CC[Zn]CC,O=C([O-])[O-].[Cs+].[Cs+],,,C[C@H](N)C(O)=O,,O=C(C(C=C1)=CC=C1OC2=CC=CC=C2)C,50,Acetophenone,https://doi.org/10.1002/slct.201800541,optimization,2.0,1.0,0.2,0.4,2.0,,Scheme 2,article,ullmann,N2
445,OC1=CC=CC=C1,IC1=CC=C(C(C)=O)C=C1,CC#N,65h,145,CC[Zn]CC,CC(C)(C)[O-].[Na+]  ,,,O=C(O)[C@H]1CCCN1,,O=C(C(C=C1)=CC=C1OC2=CC=CC=C2)C,5,Acetophenone,https://doi.org/10.1002/slct.201800541,optimization,2.0,1.0,0.2,0.4,2.0,,Table 2,article,ullmann,N2
446,OC1=CC=CC=C1,IC1=CC=C(C(C)=O)C=C1,CC#N,65h,145,CC[Zn]CC,[O-]P([O-])([O-])=O.[K+].[K+].[K+],,,O=C(O)[C@H]1CCCN1,,O=C(C(C=C1)=CC=C1OC2=CC=CC=C2)C,39,Acetophenone,https://doi.org/10.1002/slct.201800541,optimization,2.0,1.0,0.2,0.4,2.0,,Table 2,article,ullmann,N2
447,OC1=CC=CC=C1,IC1=CC=C(C(C)=O)C=C1,CC#N,65h,145,CC[Zn]CC,CC(C)([O-])C.[K+],,,O=C(O)[C@H]1CCCN1,,O=C(C(C=C1)=CC=C1OC2=CC=CC=C2)C,41,Acetophenone,https://doi.org/10.1002/slct.201800541,optimization,2.0,1.0,0.2,0.4,2.0,,Table 2,article,ullmann,N2
448,OC1=CC=CC=C1,IC1=CC=C(C(C)=O)C=C1,CC#N,65h,145,CC[Zn]CC,O=C([O-])[O-].[K+].[K+],,,O=C(O)[C@H]1CCCN1,,O=C(C(C=C1)=CC=C1OC2=CC=CC=C2)C,25,Acetophenone,https://doi.org/10.1002/slct.201800541,optimization,2.0,1.0,0.2,0.4,2.0,,Table 2,article,ullmann,N2
449,OC1=CC=CC=C1,IC1=CC=C(C(C)=O)C=C1,CC#N,65h,145,CC[Zn]CC,C(=O)([O-])[O-].[Na+].[Na+]  ,,,O=C(O)[C@H]1CCCN1,,O=C(C(C=C1)=CC=C1OC2=CC=CC=C2)C,11,Acetophenone,https://doi.org/10.1002/slct.201800541,optimization,2.0,1.0,0.2,0.4,2.0,,Table 2,article,ullmann,N2
450,OC1=CC=CC=C1,IC1=CC=C(C(C)=O)C=C1,CC#N,65h,145,CC[Zn]CC,[OH-].[K+],,,O=C(O)[C@H]1CCCN1,,O=C(C(C=C1)=CC=C1OC2=CC=CC=C2)C,24,Acetophenone,https://doi.org/10.1002/slct.201800541,optimization,2.0,1.0,0.2,0.4,2.0,,Table 2,article,ullmann,N2
451,OC1=CC=CC=C1,IC1=CC=C(C(C)=O)C=C1,CC#N,65h,145,CC[Zn]CC,[OH-].[Na+],,,O=C(O)[C@H]1CCCN1,,O=C(C(C=C1)=CC=C1OC2=CC=CC=C2)C,1,Acetophenone,https://doi.org/10.1002/slct.201800541,optimization,2.0,1.0,0.2,0.4,2.0,,Table 2,article,ullmann,N2
452,OC1=CC=CC=C1,IC1=CC=C(C(C)=O)C=C1,CC#N,65h,145,CC[Zn]CC,CCN(CC)CC,,,O=C(O)[C@H]1CCCN1,,O=C(C(C=C1)=CC=C1OC2=CC=CC=C2)C,8,Acetophenone,https://doi.org/10.1002/slct.201800541,optimization,2.0,1.0,0.2,0.4,2.0,,Table 2,article,ullmann,N2
453,OC1=CC=CC=C1,IC1=CC=C(C(C)=O)C=C1,COC,65h,145,CC[Zn]CC,O=C([O-])[O-].[Cs+].[Cs+],,,O=C(O)[C@H]1CCCN1,,O=C(C(C=C1)=CC=C1OC2=CC=CC=C2)C,1,Acetophenone,https://doi.org/10.1002/slct.201800541,optimization,2.0,1.0,0.2,0.4,2.0,,Table 2,article,ullmann,N2
454,OC1=CC=CC=C1,IC1=CC=C(C(C)=O)C=C1,O1CCCC1,65h,145,CC[Zn]CC,O=C([O-])[O-].[Cs+].[Cs+],,,O=C(O)[C@H]1CCCN1,,O=C(C(C=C1)=CC=C1OC2=CC=CC=C2)C,1,Acetophenone,https://doi.org/10.1002/slct.201800541,optimization,2.0,1.0,0.2,0.4,2.0,,Table 2,article,ullmann,N2
455,OC1=CC=CC=C1,IC1=CC=C(C(C)=O)C=C1,C1COCCO1,65h,145,CC[Zn]CC,O=C([O-])[O-].[Cs+].[Cs+],,,O=C(O)[C@H]1CCCN1,,O=C(C(C=C1)=CC=C1OC2=CC=CC=C2)C,0,Acetophenone,https://doi.org/10.1002/slct.201800541,optimization,2.0,1.0,0.2,0.4,2.0,,Table 2,article,ullmann,N2
456,OC1=CC=CC=C1,IC1=CC=C(C(C)=O)C=C1,CC1=CC=CC=C1,65h,145,CC[Zn]CC,O=C([O-])[O-].[Cs+].[Cs+],,,O=C(O)[C@H]1CCCN1,,O=C(C(C=C1)=CC=C1OC2=CC=CC=C2)C,0,Acetophenone,https://doi.org/10.1002/slct.201800541,optimization,2.0,1.0,0.2,0.4,2.0,,Table 2,article,ullmann,N2
457,OC1=CC=CC=C1,IC1=CC=C(C(C)=O)C=C1,CO,65h,145,CC[Zn]CC,O=C([O-])[O-].[Cs+].[Cs+],,,O=C(O)[C@H]1CCCN1,,O=C(C(C=C1)=CC=C1OC2=CC=CC=C2)C,14,Acetophenone,https://doi.org/10.1002/slct.201800541,optimization,2.0,1.0,20.0,0.4,2.0,,Table 2,article,ullmann,N2
458,OC1=CC=CC=C1,IC1=CC=C(C(C)=O)C=C1,CCO,65h,145,CC[Zn]CC,O=C([O-])[O-].[Cs+].[Cs+],,,O=C(O)[C@H]1CCCN1,,O=C(C(C=C1)=CC=C1OC2=CC=CC=C2)C,21,Acetophenone,https://doi.org/10.1002/slct.201800541,optimization,2.0,1.0,0.2,0.4,2.0,,Table 2,article,ullmann,N2
459,OC1=CC=CC=C1,IC1=CC=C(C(C)=O)C=C1,CN(C=O)C,65h,145,CC[Zn]CC,O=C([O-])[O-].[Cs+].[Cs+],,,O=C(O)[C@H]1CCCN1,,O=C(C(C=C1)=CC=C1OC2=CC=CC=C2)C,30,Acetophenone,https://doi.org/10.1002/slct.201800541,optimization,2.0,1.0,0.2,0.4,2.0,,Table 2,article,ullmann,N2
460,OC1=CC=CC=C1,IC1=CC=C(C(C)=O)C=C1,CS(C)=O,65h,145,CC[Zn]CC,O=C([O-])[O-].[Cs+].[Cs+],,,O=C(O)[C@H]1CCCN1,,O=C(C(C=C1)=CC=C1OC2=CC=CC=C2)C,11,Acetophenone,https://doi.org/10.1002/slct.201800541,optimization,2.0,1.0,0.2,0.4,2.0,,Table 2,article,ullmann,N2
461,OC1=CC=CC=C1,IC1=CC=C(C(C)=O)C=C1,CC#N,65h,135,CC[Zn]CC,O=C([O-])[O-].[Cs+].[Cs+],,,O=C(O)[C@H]1CCCN1,,O=C(C(C=C1)=CC=C1OC2=CC=CC=C2)C,49,Acetophenone,https://doi.org/10.1002/slct.201800541,optimization,2.0,1.0,0.2,0.4,2.0,,Table 2,article,ullmann,N2
462,OC1=CC=CC=C1,IC1=CC=C(C(C)=O)C=C1,CC#N,65h,125,CC[Zn]CC,O=C([O-])[O-].[Cs+].[Cs+],,,O=C(O)[C@H]1CCCN1,,O=C(C(C=C1)=CC=C1OC2=CC=CC=C2)C,25,Acetophenone,https://doi.org/10.1002/slct.201800541,optimization,2.0,1.0,0.2,0.4,2.0,,Table 2,article,ullmann,N2
463,OC1=CC=CC=C1,IC1=CC=C(C(C)=O)C=C1,CC#N,65h,145,CC[Zn]CC,O=C([O-])[O-].[Cs+].[Cs+],,,O=C(O)[C@H]1CCCN1,,O=C(C(C=C1)=CC=C1OC2=CC=CC=C2)C,33,Acetophenone,https://doi.org/10.1002/slct.201800541,optimization,1.5,1.0,0.2,0.4,2.0,,Table 2,article,ullmann,N2
464,OC1=CC=CC=C1,IC1=CC=C(C(C)=O)C=C1,CC#N,55h,145,CC[Zn]CC,O=C([O-])[O-].[Cs+].[Cs+],,,O=C(O)[C@H]1CCCN1,,O=C(C(C=C1)=CC=C1OC2=CC=CC=C2)C,56,Acetophenone,https://doi.org/10.1002/slct.201800541,optimization,2.0,1.0,0.2,0.4,2.0,,Table 2,article,ullmann,N2
465,OC1=CC=CC=C1,IC1=CC=C(C(C)=O)C=C1,CC#N,45h,145,CC[Zn]CC,O=C([O-])[O-].[Cs+].[Cs+],,,O=C(O)[C@H]1CCCN1,,O=C(C(C=C1)=CC=C1OC2=CC=CC=C2)C,46,Acetophenone,https://doi.org/10.1002/slct.201800541,optimization,2.0,1.0,0.2,0.4,2.0,,Table 2,article,ullmann,N2
466,OC1=CC=CC=C1,IC1=CC=C(C(C)=O)C=C1,CC#N,65h,145,,O=C([O-])[O-].[Cs+].[Cs+],,,O=C(O)[C@H]1CCCN1,,O=C(C(C=C1)=CC=C1OC2=CC=CC=C2)C,0,Acetophenone,https://doi.org/10.1002/slct.201800541,optimization,2.0,1.0,,0.4,2.0,,Table 2,article,ullmann,N2
467,OC1=CC=CC=C1,IC1=CC=C(C(C)=O)C=C1,CC#N,65h,145,CC[Zn]CC,O=C([O-])[O-].[Cs+].[Cs+],,,,,O=C(C(C=C1)=CC=C1OC2=CC=CC=C2)C,0,Acetophenone,https://doi.org/10.1002/slct.201800541,optimization,2.0,1.0,0.2,,2.0,,Table 2,article,ullmann,N2
468,OC1=CC=CC=C1,IC1=CC=C(C(C)=O)C=C1,CC#N,65h,145,,O=C([O-])[O-].[Cs+].[Cs+],,,,,O=C(C(C=C1)=CC=C1OC2=CC=CC=C2)C,0,Acetophenone,https://doi.org/10.1002/slct.201800541,optimization,2.0,1.0,,,2.0,,Table 2,article,ullmann,N2
469,OC1=CC=CC=C1,IC1=CC=C(C(C)=O)C=C1,CC#N,65h,145,CC[Zn]CC,O=C([O-])[O-].[Cs+].[Cs+],,,O=C(O)[C@H]1CCCN1,,O=C(C(C=C1)=CC=C1OC2=CC=CC=C2)C,1,Acetophenone,https://doi.org/10.1002/slct.201800541,optimization,2.0,1.0,0.2,0.4,2.0,,Table 2,article,ullmann,
470,OC1=CC=CC=C1,IC1=CC=C(C(C)=O)C=C1,CC#N,65h,145,CC[Zn]CC,O=C([O-])[O-].[Cs+].[Cs+],,,O=C(O)[C@H]1CCCN1,,O=C(C(C=C1)=CC=C1OC2=CC=CC=C2)C,36,Acetophenone,https://doi.org/10.1002/slct.201800541,optimization,2.0,1.0,0.3,0.6,2.0,,Table 3,article,ullmann,N2
471,OC1=CC=CC=C1,IC1=CC=C(C(C)=O)C=C1,CC#N,65h,145,CC[Zn]CC,O=C([O-])[O-].[Cs+].[Cs+],,,O=C(O)[C@H]1CCCN1,,O=C(C(C=C1)=CC=C1OC2=CC=CC=C2)C,48,Acetophenone,https://doi.org/10.1002/slct.201800541,optimization,2.0,1.0,0.25,0.5,2.0,,Table 3,article,ullmann,N2
472,OC1=CC=CC=C1,IC1=CC=C(C(C)=O)C=C1,CC#N,65h,145,CC[Zn]CC,O=C([O-])[O-].[Cs+].[Cs+],,,O=C(O)[C@H]1CCCN1,,O=C(C(C=C1)=CC=C1OC2=CC=CC=C2)C,61,Acetophenone,https://doi.org/10.1002/slct.201800541,optimization,2.0,1.0,0.15,0.3,2.0,,Table 3,article,ullmann,N2
473,OC1=CC=CC=C1,IC1=CC=C(C(C)=O)C=C1,CC#N,65h,145,CC[Zn]CC,O=C([O-])[O-].[Cs+].[Cs+],,,O=C(O)[C@H]1CCCN1,,O=C(C(C=C1)=CC=C1OC2=CC=CC=C2)C,56,Acetophenone,https://doi.org/10.1002/slct.201800541,optimization,2.0,1.0,0.1,0.2,2.0,,Table 3,article,ullmann,N2
